1000,READ,40973.9086079078,2.4405775137766674e-05,4.815342612901143e-06,0.00269659186322464
1001,READ,73239.70561034043,1.3653796006777147e-05,2.710037910665826e-06,0.0015176212299728626
1002,READ,123744.17864237652,8.081188230195642e-06,1.6089563696438604e-06,0.0009010155670005619
1003,READ,223907.60351302917,4.466127922010518e-06,8.909971722863387e-07,0.0004989584164803496
1004,READ,44599.25213288913,2.2421900641301634e-05,4.4287713049690116e-06,0.0024801119307826464
1005,READ,27370.473325590763,3.6535721838066386e-05,7.160637690187435e-06,0.0040099571065049635
1006,READ,21983.08967657108,4.548951101563172e-05,8.871898345321272e-06,0.004968263073379912
1007,READ,30324.543912444806,3.2976588300462874e-05,6.475731050682954e-06,0.003626409388382454
1008,READ,28711.01092665082,3.482984289737274e-05,6.8326987578656874e-06,0.003826311304404785
1009,READ,26120.720730098245,3.828378283788033e-05,7.496049376746486e-06,0.0041977876509780325
1010,READ,51902.1935914428,1.9267008401835092e-05,3.812269108637164e-06,0.002134870700836812
1011,READ,21551.153586996996,4.640122840585923e-05,9.045208754626665e-06,0.005065316902590933
1012,READ,19085.414932478096,5.239603139559081e-05,1.0180492531585933e-05,0.005701075817688122
1013,READ,18058.83382730362,5.537456125699955e-05,1.0741811321539895e-05,0.006015414340062341
1014,READ,16354.447826429456,6.114544560678834e-05,1.1824210997150765e-05,0.006621558158404429
1015,READ,15705.261491044708,6.367292900982322e-05,1.2296144154221902e-05,0.0068858407263642655
1016,READ,75348.94668747549,1.3271585655307112e-05,2.6347355447233307e-06,0.0014754519050450652
1017,READ,13223.23782864147,7.56244433442772e-05,1.4510378656051442e-05,0.008125812047388808
1018,READ,13820.551660338111,7.235601187105839e-05,1.3907672301028936e-05,0.007788296488576204
1019,READ,11759.605908985848,8.503686328772903e-05,1.623428553458201e-05,0.009091199899365925
1020,READ,11985.262288056269,8.343580440425862e-05,1.594227329869462e-05,0.008927673047268986
1021,READ,11345.025429869696,8.814435949761335e-05,1.6799628121599827e-05,0.009407791748095903
1022,READ,11184.483537870443,8.940958217820426e-05,1.702927160271407e-05,0.009536392097519879
1023,READ,10041.814674114788,9.958359444510985e-05,1.8864694974183678e-05,0.01056422918554286
1024,READ,9684.24346942798,0.000103260518300359,1.9523159577070033e-05,0.010932969363159219
1025,READ,9347.183337713437,0.00010698410032948234,2.0187372453143653e-05,0.011304928573760446
1026,READ,9222.9431966147,0.0001084252584757382,2.0443745402631818e-05,0.011448497425473818
1027,READ,8859.435099782386,0.00011287401383239017,2.123269579134534e-05,0.01189030964315339
1028,READ,8533.960773842924,0.0001171788840493686,2.1992617405527256e-05,0.012315865747095263
1029,READ,8194.948309777019,0.00012202639506669561,2.284422396608003e-05,0.012792765421004817
1030,READ,8230.116716992989,0.00012150495969701956,2.2752826434415997e-05,0.012741582803272958
1031,READ,8169.02986600099,0.00012241355661606033,2.2912053581004132e-05,0.012830750005362315
1032,READ,578063.2193917711,1.7299145948987794e-06,-3.4631841569756246e-07,-0.00019393831279063497
1033,READ,359048.5405940625,2.785138740142081e-06,5.561603171871447e-07,0.0003114497776248011
1034,READ,28505.6093496474,3.5080814717345084e-05,6.880984244785023e-06,0.0038533511770796128
1035,READ,49229.544575046464,2.0313005302650744e-05,4.0169075999188e-06,0.002249468255954528
1036,READ,64729.72298688168,1.5448853383825897e-05,3.0632692382564553e-06,0.001715430773423615
1037,READ,43793.30218916512,2.2834542042079883e-05,4.509247116415543e-06,0.002525178385192704
1038,READ,62493.459958271924,1.6001674425895432e-05,3.1719115831606667e-06,0.0017762704865699735
1039,READ,32787.368132220596,3.04995508016176e-05,5.997474799420761e-06,0.0033585858876756264
1040,READ,22657.779091032553,4.4134952326187074e-05,8.61408833359287e-06,0.004823889466812008
1041,READ,31260.907728662918,3.198883438317777e-05,6.2851758254478876e-06,0.003519698462250817
1042,READ,21551.856196419754,4.639971568509827e-05,9.044921340994568e-06,0.005065155950956958
1043,READ,22568.2634282247,4.431001096652227e-05,8.647428313010691e-06,0.004842559855285988
1044,READ,23706.285490478844,4.2182905474652706e-05,8.241887703763822e-06,0.0046154571141077405
1045,READ,19407.867818774732,5.1525495192863106e-05,1.00160919440758e-05,0.005609011488682448
1046,READ,16083.794340238626,6.217438365884772e-05,1.201649070587666e-05,0.00672923479529093
1047,READ,15280.210312976953,6.544412540910741e-05,1.2626094985377295e-05,0.007070613191811285
1048,READ,14746.420011876502,6.781306915133422e-05,1.30664126454662e-05,0.007317191081461072
1049,READ,14654.055519368769,6.824049483627693e-05,1.3145738803528306e-05,0.007361613729975851
1050,READ,13674.351794173968,7.312960899733876e-05,1.405051686876664e-05,0.007868289446509318
1051,READ,12251.809016544988,8.162059975384763e-05,1.5610597983604255e-05,0.008741934870818382
1052,READ,60075.94545756116,1.6645597374849803e-05,3.298373571827608e-06,0.0018470892002234605
1053,READ,11488.283019310064,8.704520930753111e-05,1.6599875656926e-05,0.00929593036787856
1054,READ,11382.824965899998,8.785165396074715e-05,1.6746456602274103e-05,0.009378015697273498
1055,READ,10159.236902000908,9.843258993232507e-05,1.8658044581761876e-05,0.010448504965786651
1056,READ,9855.985112545006,0.00010146119221783003,1.9201256322757234e-05,0.01075270354074405
1057,READ,9860.664557822265,0.00010141304312057956,1.9192633914107728e-05,0.010747874991900329
1058,READ,9590.548923655662,0.000104269318467626,1.970336791677382e-05,0.01103388603339334
1059,READ,9037.549914213756,0.00011064945803809677,2.0838651717122566e-05,0.011669644961588637
1060,READ,8492.907482216106,0.00011774530713939486,2.2092349932095078e-05,0.012371715961973244
1061,READ,8522.447335205361,0.00011733718739089205,2.2020496526829336e-05,0.012331478055024428
1062,READ,8037.667409722257,0.00012441420489611366,2.3262123372420717e-05,0.013026789088555603
1063,READ,8085.62981674673,0.00012367620366799726,2.313307465612241e-05,0.01295452180742855
1064,READ,103625.63267803348,9.65012202248276e-06,1.9196504821165045e-06,0.0010750042699852426
1065,READ,54570.59711716767,1.8324886529148943e-05,3.627749570260323e-06,0.002031539759345781
1066,READ,71564.53477251915,1.397340181388283e-05,2.772981491399566e-06,0.001552869635183757
1067,READ,92755.86525233794,1.0780989399209929e-05,2.143258270811449e-06,0.0012002246316544115
1068,READ,73153.71066636108,1.366984655858119e-05,2.7131994603450226e-06,0.0015193916977932127
1069,READ,38047.3711234563,2.628302483120831e-05,5.180357900061421e-06,0.0029010004240343956
1070,READ,31480.685089385184,3.176550945955064e-05,6.242063783656685e-06,0.0034955557188477435
1071,READ,37147.776306757274,2.691951172910712e-05,5.303945753071623e-06,0.0029702096217201087
1072,READ,21989.664337547467,4.547591016623636e-05,8.869311622833331e-06,0.0049668145087866655
1073,READ,28223.08107733656,3.543199260420262e-05,6.948526443803041e-06,0.003891174808529703
1074,READ,23354.359096739518,4.281855887621464e-05,8.363176248669277e-06,0.004683378699254795
1075,READ,21508.378686977554,4.649350909027184e-05,9.062740985046585e-06,0.005075134951626087
1076,READ,65435.62128172658,1.5282196155739076e-05,3.0305040867215487e-06,0.0016970822885640673
1077,READ,17198.334565906833,5.814516493837449e-05,1.1262317378791144e-05,0.006306897732123041
1078,READ,12660.240404961341,7.898744162931663e-05,1.5128317933230871e-05,0.008471858042609288
1079,READ,19400.421834804107,5.1545270949006526e-05,1.0019828321026204e-05,0.005611103859774674
1080,READ,19994.133665717218,5.001467013870384e-05,9.730402811069839e-06,0.00544902557419911
1081,READ,14729.268285304148,6.789203513916108e-05,1.3081070739810191e-05,0.007325399614293707
1082,READ,13107.908370386513,7.628982227700094e-05,1.4632816856844662e-05,0.008194377439833011
1083,READ,12003.382098496828,8.330985315590586e-05,1.5919280209103043e-05,0.008914796917097704
1084,READ,73617.31633258227,1.358376058538024e-05,2.6962420573868934e-06,0.0015098955521366602
1085,READ,11706.184080708623,8.542493378760075e-05,1.6304989284690884e-05,0.009130793999426895
1086,READ,11123.159328336431,8.99025151471564e-05,1.711865723810839e-05,0.009586448053340699
1087,READ,10231.047504222903,9.774170236109707e-05,1.8533881898094994e-05,0.010378973862933197
1088,READ,9394.092449908529,0.00010644987850952405,2.0092238544744264e-05,0.011251653585056788
1089,READ,9215.247239173945,0.00010851580799145657,2.045984056531147e-05,0.011457510716574422
1090,READ,8685.230669623234,0.00011513798977124693,2.163277555173759e-05,0.01211435430897305
1091,READ,8843.01563200241,0.00011308359519133409,2.1269772148343138e-05,0.011911072403072157
1092,READ,8640.491572081262,0.00011573415605555956,2.173796893710513e-05,0.012173262604778873
1093,READ,8533.960773847299,0.00011717888404930854,2.1992617405516678e-05,0.01231586574708934
1094,READ,8253.719710620906,0.00012115749444619469,2.2691894746663154e-05,0.012707461058131366
1095,READ,8137.7164481875825,0.00012288459623371593,2.2994541290395333e-05,0.012876943122621387
1096,READ,711644.8569557464,1.4051952883883273e-06,2.8081807930218484e-07,0.0001572581244092235
1097,READ,408998.5181370542,2.4449966336183716e-06,4.883307052426443e-07,0.0002734651949358808
1098,READ,31807.067388942032,3.1439553598948186e-05,6.179120202540454e-06,0.003460307313422654
1099,READ,48523.63629498389,2.060851321860589e-05,4.074677735733264e-06,0.002281819532010628
1100,READ,63403.409935656106,1.5772022372532223e-05,3.1267876462682292e-06,0.0017510010819102083
1101,READ,33587.58510102723,2.9772905583778226e-05,5.856929542990833e-06,0.0032798805440748665
1102,READ,186195.64594277143,5.370694867415735e-06,1.0709180918754506e-06,0.0005997141314502523
1103,READ,28708.548596910914,3.4832830249997436e-05,6.8332735850491945e-06,0.003826633207627549
1104,READ,110350.9802583112,9.061994715943485e-06,1.8032479699863879e-06,0.0010098188631923772
1105,READ,25261.36338947554,3.958614523619191e-05,7.745524393243987e-06,0.004337493660216633
1106,READ,21984.55038100828,4.548648858717923e-05,8.87132351809871e-06,0.004967941170135278
1107,READ,21198.548288622787,4.717304158684761e-05,9.191789697871386e-06,0.005147402230807977
1108,READ,20852.399248297814,4.7956112296364664e-05,9.340382536342772e-06,0.005230614220351953
1109,READ,17314.655380253214,5.775454249816988e-05,1.1189026906831856e-05,0.006265855067825839
1110,READ,17313.278042400347,5.7759137094141995e-05,1.1189889147673126e-05,0.00626633792269695
1111,READ,14501.915133926368,6.895640960279512e-05,1.327852389431593e-05,0.007435973380816921
1112,READ,16326.536231155475,6.124997892031304e-05,1.1843755123149661e-05,0.00663250286896381
1113,READ,13789.414688173823,7.251939423198485e-05,1.393785073093131e-05,0.007805196409321534
1114,READ,14732.96442524361,6.787500269033366e-05,1.3077909190049928e-05,0.00732362914642796
1115,READ,12454.280883087418,8.029367647858123e-05,1.5367733476531004e-05,0.008605930746857362
1116,READ,14258.153572243993,7.01353085399975e-05,1.34969582428017e-05,0.007558296615968952
1117,READ,11592.43584170651,8.626314725005983e-05,1.6457605915812426e-05,0.009216259312854958
1118,READ,11045.414555201278,9.053530720846514e-05,1.723333527197136e-05,0.009650667752303962
1119,READ,10470.700115471484,9.55045974931898e-05,1.8131215417549355e-05,0.010153480633827639
1120,READ,9713.433204329638,0.00010295021121412179,1.946768874846161e-05,0.010901905699138502
1121,READ,9559.255627811903,0.00010461065578062151,1.9764299604243344e-05,0.011068007778376273
1122,READ,9426.520368050182,0.00010608368315729253,2.002699565304637e-05,0.011215117565705967
1123,READ,9219.368567104382,0.00010846729824514217,2.0451218156635946e-05,0.01145268216771613
1124,READ,8504.464177065429,0.0001175853033394824,2.206418339718663e-05,0.012355942702424513
1125,READ,8494.910101971993,0.00011771754944974189,2.2087463900546477e-05,0.012368979784306027
1126,READ,8269.712314433044,0.00012092319079282968,2.2650794598718703e-05,0.012684444975282474
1127,READ,7924.96927409813,0.000126183454523715,2.357109301627472e-05,0.013199812089113845
1128,READ,5709.695147275526,0.00017514069914523653,3.189947761445934e-05,0.017863707464097232
1129,READ,280365.331759199,3.5667747995992708e-06,-7.147826624409016e-07,-0.0004002782909669049
1130,READ,42468.631400469356,2.3546791290970307e-05,4.648067890856004e-06,0.002602918018879362
1131,READ,101322.27828580949,9.869497774015739e-06,1.963049937290779e-06,0.0010993079648828363
1132,READ,39198.83883120071,2.5510959758431415e-05,5.030327994464723e-06,0.002816983676900245
1133,READ,51242.17153176417,1.951517607680066e-05,3.860842008859871e-06,0.0021620715249615276
1134,READ,32682.226927252086,3.0597670171800614e-05,6.016444097974657e-06,0.003369208694865808
1135,READ,40152.56421587184,2.4905009668217195e-05,4.912488413638898e-06,0.0027509935116377827
1136,READ,30460.847529628358,3.282902745983446e-05,6.447277103211889e-06,0.003610475177798658
1137,READ,23147.414545042313,4.3201369122850004e-05,8.436179306689685e-06,0.004724260411746223
1138,READ,20440.759683439243,4.892186080589671e-05,9.523465008635654e-06,0.005333140404835966
1139,READ,20073.97554007746,4.98157426765571e-05,9.692751627602697e-06,0.00542794091145751
1140,READ,18359.014706828715,5.446915403515885e-05,1.05713750477614e-05,0.005919970026746384
1141,READ,16881.85773830232,5.9235186997883234e-05,1.1466668459335041e-05,0.006421334337227623
1142,READ,24565.83347556161,4.0706943690504626e-05,7.959934948805898e-06,0.004457563571331303
1143,READ,16634.899036009778,6.0114581870036434e-05,1.1631356461073569e-05,0.006513559618201198
1144,READ,49415.48587466086,2.0236571234702305e-05,4.001962092006519e-06,0.0022410987715236505
1145,READ,14359.501865835891,6.964029876128216e-05,1.3405273299236567e-05,0.0075069530475724774
1146,READ,15296.452961406447,6.53746330945507e-05,1.2613161372646627e-05,0.007063370368682111
1147,READ,14312.945239680133,6.98668221846944e-05,1.3447235687146344e-05,0.007530451984801952
1148,READ,12053.253912721622,8.296514843552318e-05,1.585633662684628e-05,0.008879548511033918
1149,READ,10849.796463702394,9.216762759978624e-05,1.7528796472071465e-05,0.00981612602436002
1150,READ,11143.988759320175,8.973447672976689e-05,1.7088191394641855e-05,0.009569387180999438
1151,READ,9998.061391311128,0.00010001938984582108,1.8942871478715986e-05,0.010608008028080953
1152,READ,9904.700356921483,0.00010096216583686876,1.9111870687029996e-05,0.010702647584736798
1153,READ,9354.382191985598,0.00010690176854830175,2.017271435850761e-05,0.011296720040764261
1154,READ,9512.384200627332,0.00010512611548365036,1.9856271962654438e-05,0.011119512299086485
1155,READ,8982.01192707591,0.00011133363083003048,2.0959940265059884e-05,0.011737566548433534
1156,READ,8688.056677878121,0.00011510053825342095,2.162616503837086e-05,0.012110652421487683
1157,READ,8428.591373542436,0.00011864378704358899,2.225042742388892e-05,0.012460239357377795
1158,READ,8482.672631915928,0.00011788737387288943,2.2117354917185002e-05,0.012385718753623601
1159,READ,7902.165778371025,0.000126547585566617,2.363461142668611e-05,0.013235382398944222
1160,READ,49831.675255516304,2.006755732919698e-05,3.968909526938307e-06,0.002222589335085452
1161,READ,118470.97278958904,8.440886205737966e-06,1.6802349448453208e-06,0.0009409315691133797
1162,READ,61887.9956572785,1.615822243683202e-05,3.2026648396791166e-06,0.0017934923102203052
1163,READ,36046.836827068684,2.7741685207981108e-05,5.463460307832752e-06,0.0030595377723863413
1164,READ,523017.1095425575,1.911983340037618e-06,3.8198766973357067e-07,0.00021391309505079957
1165,READ,28036.1937140509,3.5668179860621735e-05,6.9939377946558286e-06,0.003916605165007264
1166,READ,190293.35249725988,5.255044313828038e-06,1.0479250030615597e-06,0.0005868380017144734
1167,READ,31474.78496847206,3.177146407836269e-05,6.243213438043541e-06,0.003496199525304383
1168,READ,104888.6702304316,9.53391818013408e-06,1.8966573932411877e-06,0.0010621281402150651
1169,READ,20471.225874610253,4.884905311118984e-05,9.509669155398503e-06,0.005325414727023161
1170,READ,21977.978701145756,4.550008959412942e-05,8.873910240665578e-06,0.004969389734772724
1171,READ,24423.303970995268,4.094450125124694e-05,8.005346299760549e-06,0.004482993927865908
1172,READ,19591.75396305709,5.1041882308528154e-05,9.924694414523276e-06,0.005557828872133035
1173,READ,17170.732849174536,5.82386324907544e-05,1.1279849609223068e-05,0.006316715781164918
1174,READ,27013.00118895,3.701921134216891e-05,7.25347228723694e-06,0.004061944480852686
1175,READ,15640.508007597367,6.393654218355636e-05,1.234529188258839e-05,0.006913363454249499
1176,READ,15434.585369521892,6.478956033212679e-05,1.2504231612099512e-05,0.007002369702775727
1177,READ,13514.848908124355,7.399268810166699e-05,1.4209744012566629e-05,0.007957456647037313
1178,READ,13635.441122321725,7.333829474449218e-05,1.4089030293360067e-05,0.007889856964281638
1179,READ,13379.513962050109,7.47411305699458e-05,1.4347702548632166e-05,0.008034713427234013
1180,READ,12433.382235270912,8.042863808716574e-05,1.539245104766442e-05,0.008619772586692075
1181,READ,10886.018009318112,9.186095403700686e-05,1.7473325643658923e-05,0.009785062360448998
1182,READ,10875.484468859548,9.194992672403351e-05,1.748942080631813e-05,0.009794075651538153
1183,READ,10373.641679308359,9.63981628548667e-05,1.8292167044260738e-05,0.010243613544786014
1184,READ,10342.63521534355,9.668715749700577e-05,1.834418890935056e-05,0.010272745789236313
1185,READ,9229.824834391486,0.00010834441800822422,2.042937472153776e-05,0.011440449844061146
1186,READ,9274.37557547891,0.00010782397066644154,2.0336827535718807e-05,0.011388623420002532
1187,READ,8737.855108156751,0.00011444456192304038,2.1510337349153307e-05,0.012045788915525851
1188,READ,8750.793495833357,0.00011427535119828214,2.1480446332474385e-05,0.012029049946185656
1189,READ,8525.530550701682,0.00011729475298375376,2.201302377267928e-05,0.012327293312700398
1190,READ,8323.707328795388,0.00012013877476693075,2.2513123473994453e-05,0.012607349145436894
1191,READ,8030.237881728033,0.00012452931217335361,2.3282242325956114e-05,0.013038055702535424
1192,READ,193054.68538113154,5.179879462784261e-06,1.0329794953636856e-06,0.0005784685174036639
1193,READ,120458.25449248131,8.301631168517534e-06,1.6526432383176185e-06,0.0009254802134578664
1194,READ,71594.44939283746,1.3967563246600556e-05,2.7718318368853546e-06,0.0015522258286557985
1195,READ,37494.21010074707,2.667078456414995e-05,5.255660266512106e-06,0.0029431697492467795
1196,READ,29159.813762081343,3.4293771838158096e-05,6.729517270904782e-06,0.0037685296717066778
1197,READ,36041.06046484372,2.7746131415179938e-05,5.464322548580396e-06,0.0030600206272050215
1198,READ,38373.54446155987,2.6059620346036454e-05,5.136958444599499e-06,0.0028766967289757194
1199,READ,29421.02998086697,3.3989292715119703e-05,6.670884893802322e-06,0.0037356955405293004
1200,READ,25067.368321974813,3.989250036763412e-05,7.804156770498559e-06,0.004370327791479193
1201,READ,23892.174891639428,4.185470785039035e-05,8.179231536102871e-06,0.004580369660217608
1202,READ,19442.306011475303,5.143422798765623e-05,9.998847127189246e-06,0.005599354391225978
1203,READ,20527.31075547629,4.8715587341767084e-05,9.484376757148174e-06,0.005311250984002977
1204,READ,17521.808627881317,5.707173393098044e-05,1.1060840434491117e-05,0.006194070643315026
1205,READ,15829.768723343004,6.317211688161768e-05,1.2202734728962437e-05,0.006833531448218965
1206,READ,14544.744556640097,6.875335597031651e-05,1.3240872710560295e-05,0.0074148887179137654
1207,READ,15265.800313752665,6.550590073545763e-05,1.263759152996512e-05,0.007077051256780467
1208,READ,15018.849095109748,6.658299804913863e-05,1.2837918820510345e-05,0.007189234539485794
1209,READ,13295.69155540821,7.521233444929278e-05,1.443450146102128e-05,0.008083320818171917
1210,READ,14305.955036084777,6.990096064734157e-05,1.3453558786807261e-05,0.007533992920612066
1211,READ,11822.963198134701,8.458116491115943e-05,1.6151222998880177e-05,0.009044684879372898
1212,READ,11789.340147702062,8.482238933405588e-05,1.619519728244068e-05,0.00906931047816678
1213,READ,11252.467469118423,8.886939711173812e-05,1.69312635588512e-05,0.009481507592956672
1214,READ,64189.03654644714,1.557898441545233e-05,3.0888490496153067e-06,0.0017297554677845718
1215,READ,10606.64547059291,9.428051524607997e-05,1.7910481758079914e-05,0.010029869784524753
1216,READ,28697.47323720243,3.4846273458794764e-05,6.835860307502201e-06,0.0038280817722012327
1217,READ,9379.731768011754,0.00010661285682074175,2.0121267320678013e-05,0.011267909699579687
1218,READ,9856.764728223814,0.00010145316719761046,1.919981925463939e-05,0.010751898782598059
1219,READ,8553.493333315464,0.00011691129706093835,2.1945481571690637e-05,0.012289469680146757
1220,READ,8852.936833105343,0.00011295686604930064,2.1247353886047455e-05,0.011898518176186574
1221,READ,8244.129647466127,0.0001212984320676416,2.2716612318125166e-05,0.012721302898150093
1222,READ,8331.19895081524,0.00012003074298233463,2.2494154174973432e-05,0.012596726337985122
1223,READ,8211.612619408572,0.000121778759708714,2.2800824509448646e-05,0.012768461725291242
1224,READ,218536.30065005412,4.575898818756509e-06,9.128406066492415e-07,0.0005111907397235753
1225,READ,135428.70099613594,7.383959180325683e-06,1.4707104232555536e-06,0.00082359783702311
1226,READ,71932.7067723053,1.3901881979297467e-05,2.75889822445431e-06,0.0015449830056944135
1227,READ,63462.25905167185,1.5757396836217036e-05,3.1239135101212476e-06,0.0017493915656678987
1228,READ,45682.61428048164,2.1890165782987163e-05,4.325014991300291e-06,0.002422008395128163
1229,READ,57115.77822175792,1.750829685130782e-05,3.4676601888407796e-06,0.0019418897057508365
1230,READ,179712.50640705338,5.564443009519742e-06,1.1094315155767689e-06,0.0006212816487229906
1231,READ,24096.650218073504,4.14995441669298e-05,8.111401923258763e-06,0.004542385077024907
1232,READ,157876.4783690624,6.334065785672863e-06,1.2623355559198902e-06,0.0007069079113151385
1233,READ,30959.664169192136,3.2300091969185406e-05,6.345245270585195e-06,0.003553337351527709
1234,READ,31864.378117988028,3.138300695206355e-05,6.1681984854798586e-06,0.003454191151868721
1235,READ,22458.096242053594,4.4527371742555096e-05,8.68881587325211e-06,0.004865736889021182
1236,READ,19688.5075680761,5.079105140612326e-05,9.877271168138881e-06,0.005531271854157773
1237,READ,16975.03556893136,5.891003856452913e-05,1.1405736772747743e-05,0.006387212592738736
1238,READ,15859.547172026803,6.30535026727502e-05,1.2180603880521775e-05,0.006821138173092194
1239,READ,15383.280798516053,6.50056391154522e-05,1.254446951838265e-05,0.007024902930294284
1240,READ,99779.7319536756,1.0022075429750269e-05,1.9932283663298516e-06,0.0011162078851447168
1241,READ,16462.857722606714,6.074279550061379e-05,1.174890862974175e-05,0.00657938883265538
1242,READ,13543.946826370686,7.383372164847504e-05,1.418042782365376e-05,0.007941039581246105
1243,READ,12542.498258329077,7.972893273761721e-05,1.5264264574342742e-05,0.008547988161631935
1244,READ,32699.704396508358,3.058131620623393e-05,6.013282548025178e-06,0.0033674382268941
1245,READ,11566.387670060894,8.645741682932327e-05,1.6492957791031573e-05,0.00923605636297768
1246,READ,10952.48530010696,9.13034779412335e-05,1.7372443463458045e-05,0.009728568339536505
1247,READ,10466.854598385926,9.553968583400482e-05,1.8137538517037792e-05,0.010157021569541163
1248,READ,23493.232415677874,4.2565449585926894e-05,8.31489076161091e-06,0.004656338826502109
1249,READ,10102.570942507982,9.898470455598187e-05,1.8757202280612193e-05,0.010504033277142827
1250,READ,9155.46901878138,0.00010922433334093714,2.0585727731041254e-05,0.011528007529383101
1251,READ,9111.045755602841,0.0001097568848652801,2.068028681222314e-05,0.01158096061484496
1252,READ,8880.39243720504,0.0001126076361006782,2.118555995742194e-05,0.011863913576156286
1253,READ,8591.366819048159,0.0001163959147667717,2.1854658867319035e-05,0.01223860896569866
1254,READ,8392.511213387126,0.00011915384734963146,2.2340100473812338e-05,0.01251045626533491
1255,READ,8377.792749906705,0.00011936318190864008,2.2376889417366238e-05,0.012531058073725093
1256,READ,574982.8200908217,1.7391823982532981e-06,3.474980366681312e-07,0.00019459890053415347
1257,READ,151075.0768045618,6.6192254947098225e-06,1.3189560371824417e-06,0.0007386153808221673
1258,READ,46201.56391788079,2.164428896340851e-05,4.277016918237065e-06,0.002395129474212756
1259,READ,50321.73574781952,1.9872128517413687e-05,3.93068351660096e-06,0.002201182769296538
1260,READ,113086.14528778906,8.842816221696603e-06,1.759848514822345e-06,0.0009855151683005132
1261,READ,37094.72438963111,2.6958011319785534e-05,5.311418507024673e-06,0.002974394363933817
1262,READ,27481.90234290237,3.638758290902179e-05,7.132183742542047e-06,0.003994022895823546
1263,READ,28207.61209381019,3.545142341983062e-05,6.952262820695959e-06,0.0038932671795897373
1264,READ,50985.080264642966,1.9613580969362093e-05,3.8800987208315356e-06,0.00217285528366566
1265,READ,22109.405967545852,4.522961862783147e-05,8.822463203770118e-06,0.004940579394111266
1266,READ,21288.727688276907,4.697321580897816e-05,9.153851100781098e-06,0.005126156616437415
1267,READ,19275.249771725616,5.1880002170808446e-05,1.0083059316202425e-05,0.005646513217073358
1268,READ,20237.3992837801,4.9413463952429964e-05,9.616587019896285e-06,0.00538528873114192
1269,READ,18360.557937925398,5.446457582503031e-05,1.0570512807083195e-05,0.00591948717196659
1270,READ,18208.989553518502,5.4917929249224656e-05,1.0655874650561957e-05,0.005967289804314696
1271,READ,15381.819789301066,6.501181353688444e-05,1.2545619172926842e-05,0.007025546736839032
1272,READ,14409.570483866051,6.939832114494106e-05,1.3360436775093621e-05,0.0074818445940524276
1273,READ,14204.390624403406,7.04007673713212e-05,1.354610597131106e-05,0.007585819343934194
1274,READ,12391.062493482506,8.070332955918699e-05,1.544274843092202e-05,0.00864793912131633
1275,READ,11751.541207318476,8.50952213295421e-05,1.6244919838396182e-05,0.009097155109501862
1276,READ,12135.174518970496,8.240507777096528e-05,1.5754017378897666e-05,0.008822249732182694
1277,READ,10884.135596977065,9.187684139820325e-05,1.7476199779809446e-05,0.00978667187669329
1278,READ,20615.866925469883,4.850632785005755e-05,9.44471367826005e-06,0.005289039659825628
1279,READ,10164.027581722603,9.838619503534638e-05,1.8649709586803765e-05,0.010443837368610109
1280,READ,9851.932991436957,0.0001015029234231672,1.9208729076962478e-05,0.010756888283098988
1281,READ,9580.638163482336,0.00010437718061533843,1.9722624629308263e-05,0.011044669792412627
1282,READ,8832.86174262392,0.0001132135913748534,2.1292765238140245e-05,0.011923948533358538
1283,READ,8698.885200374998,0.00011495725911601768,2.1600872639818424e-05,0.012096488678298318
1284,READ,8523.277225807711,0.00011732576255669481,2.201848463148888e-05,0.012330351393633773
1285,READ,8279.358221885208,0.00012078230862830093,2.26260770272692e-05,0.012670603135270752
1286,READ,8211.170362849609,0.00012178531875606579,2.2801974163801703e-05,0.012769105531728954
1287,READ,7849.905598200334,0.00012739006698746284,2.3781479787692115e-05,0.013317628681107585
1288,READ,443781.06580738665,2.2533633745294305e-06,4.501046952223322e-07,0.000252058629324506
1289,READ,97503.15667529881,1.0256078204013033e-05,2.0395019575214033e-06,0.001142121096211986
1290,READ,358121.7393863908,2.7923465403508023e-06,5.575973851976599e-07,0.00031225453571068955
1291,READ,81411.61012920643,1.2283260316469897e-05,2.4398691166948316e-06,0.0013663267053491057
1292,READ,65348.1109473168,1.530266117112694e-05,3.034527877151094e-06,0.0016993356112046125
1293,READ,37953.35300221336,2.634813319238704e-05,5.1930040988253094e-06,0.0029080822953421732
1294,READ,32299.21311844045,3.096050657125992e-05,6.086573019235231e-06,0.0034084808907717296
1295,READ,26135.050316608384,3.8262792222922064e-05,7.492025586315137e-06,0.004195534328336477
1296,READ,31117.498868976887,3.213625890083881e-05,6.313629773210045e-06,0.003535632672997625
1297,READ,21145.609518546622,4.729114093982058e-05,9.2142079598874e-06,0.005159956457536944
1298,READ,21617.394623165983,4.6259043581892326e-05,9.018191875031377e-06,0.005050187450017571
1299,READ,19916.11226726392,5.0210602680910686e-05,9.767479167407622e-06,0.005469788333748268
1300,READ,22917.851602473278,4.363410747855967e-05,8.518667013762493e-06,0.004770453527706996
1301,READ,17830.02899912497,5.608515836116005e-05,1.087545865259464e-05,0.006090256845452998
1302,READ,17521.338788171535,5.70732643258453e-05,1.1061127848057146e-05,0.006194231594912001
1303,READ,15140.82234304668,6.604661076808969e-05,1.2738186295609712e-05,0.007133384325541439
1304,READ,15893.323420040753,6.291950233259872e-05,1.2155598895989162e-05,0.00680713538175393
1305,READ,12888.659932390874,7.75875851520351e-05,1.4871370159215888e-05,0.008327967289160897
1306,READ,14418.270340886373,6.935644681070145e-05,1.3352676607395549e-05,0.007477498900141507
1307,READ,12519.3485554423,7.9876360624634e-05,1.5291281454287742e-05,0.008563117614401136
1308,READ,11890.316034215632,8.41020539001987e-05,1.6063849258955778e-05,0.008995755585015235
1309,READ,11039.030837809205,9.058766251245105e-05,1.7242819921476775e-05,0.009655979156026994
1310,READ,10903.554149433596,9.171321445236706e-05,1.744659617714475e-05,0.00977009385920106
1311,READ,10680.964644445094,9.362450240110806e-05,1.779206734707001e-05,0.009963557714359205
1312,READ,10009.768505847467,9.990241027210808e-05,1.89218902844802e-05,0.010596258559308912
1313,READ,9409.208752382034,0.00010627886215690986,2.006177270108946e-05,0.011234592712610098
1314,READ,9644.4334844691,0.00010368675377463576,1.9599324186334807e-05,0.010975621544347492
1315,READ,9060.904183691964,0.00011036426163735672,2.078806691984445e-05,0.011641317475112892
1316,READ,8908.137499528646,0.00011225691117283638,2.1123478615509825e-05,0.011829148024685501
1317,READ,8047.557970084004,0.00012426129811271946,2.323539390557809e-05,0.01301182058712373
1318,READ,8428.591373505937,0.00011864378704410276,2.2250427423979272e-05,0.012460239357428392
1319,READ,7886.142849601169,0.00012680470276423838,2.3679447951729127e-05,0.013260490852968312
1320,READ,410936.0503670847,2.4334686604076497e-06,4.860313964656169e-07,0.0002721775820207455
1321,READ,96653.77535998785,1.0346207339294209e-05,2.057321601381998e-06,0.0011521000967739188
1322,READ,60309.32276812335,1.658118436920258e-05,3.2857273730789395e-06,0.001840007328924206
1323,READ,173751.6696986849,5.755340375917946e-06,1.147370112085553e-06,0.0006425272627679097
1324,READ,1367814.517680379,7.310932784189622e-07,-1.4627854390952078e-07,-8.191598458933165e-05
1325,READ,899587.9272675484,1.1116200759134776e-06,2.2218570297341204e-07,0.00012442399366511075
1326,READ,31522.046870357175,3.172382821816003e-05,6.234016202525839e-06,0.00349104907341447
1327,READ,32330.275302911636,3.093076042906263e-05,6.080824747073335e-06,0.0034052618583610677
1328,READ,25475.840567098356,3.925287557700782e-05,7.68171857115845e-06,0.004301762399848732
1329,READ,24932.17639582,4.0108812970200825e-05,7.845544330722363e-06,0.004393504825204523
1330,READ,27576.010097919312,3.626340418534488e-05,7.108328412733624e-06,0.003980663911130829
1331,READ,19373.548007520327,5.161677146652874e-05,1.0033336760949232e-05,0.00561866858613157
1332,READ,20652.661904566936,4.841990851449853e-05,9.428331102422437e-06,0.005279865417356565
1333,READ,18404.38769173736,5.433486931211243e-05,1.0546082649804639e-05,0.005905806283890598
1334,READ,16977.687165876618,5.890083791918936e-05,1.140401229126401e-05,0.0063862468831078455
1335,READ,15730.011373307545,6.357274488033192e-05,1.2277462269161802e-05,0.006875378870730609
1336,READ,14532.950386837982,6.880915253833573e-05,1.3251219600802028e-05,0.007420682976449136
1337,READ,13310.882064181074,7.512650139775113e-05,1.4418693712093633e-05,0.008074468478772434
1338,READ,13364.172841906933,7.482692807326114e-05,1.4363510297578995e-05,0.008043565766644237
1339,READ,12046.17038893696,8.301393452963163e-05,1.5865246449113353e-05,0.008884538011503478
1340,READ,102667.39810864696,9.740190346907964e-06,1.9374701258041956e-06,0.0010849832704503495
1341,READ,10283.343030505648,9.724464087539326e-05,1.8444496262576837e-05,0.01032891790704303
1342,READ,11224.860323976172,8.908796823636295e-05,1.69709266382311e-05,0.009503718917409417
1343,READ,10062.530177923441,9.937858394640516e-05,1.8827906030867805e-05,0.010543627377285971
1344,READ,10489.61707829747,9.533236461690804e-05,1.8100174746581906e-05,0.010136097858085868
1345,READ,9308.265549862681,0.00010743140004366898,2.0266986026007685e-05,0.011349512174564303
1346,READ,9835.60068196799,0.00010167147206711443,1.923890750699151e-05,0.010773788203915245
1347,READ,8570.11418372437,0.00011668455968756106,2.19055310782998e-05,0.012267097403847889
1348,READ,8882.570179699711,0.00011258002805149878,2.118067392604334e-05,0.01186117739858427
1349,READ,8089.283518037611,0.0001236203426138031,2.3123302592973263e-05,0.012949049452065027
1350,READ,8284.189083086914,0.00012071187535320872,2.2613718241559057e-05,0.012663682215273073
1351,READ,7878.25644195864,0.00012693163866488543,2.3701578800747747e-05,0.013272884128418738
1352,READ,1907301.570950868,5.243009365852192e-07,-1.0489098420414809e-07,-5.8738951154322925e-05
1353,READ,94450.42038029859,1.0587565369995854e-05,2.105032260666348e-06,0.001178818065973155
1354,READ,94697.53675388002,1.0559936765821179e-05,2.0995714020691768e-06,0.001175759985158739
1355,READ,65012.73396641863,1.538160201840666e-05,3.0500482121490435e-06,0.0017080269988034643
1356,READ,118838.6011973941,8.414774239381807e-06,1.6750614998357706e-06,0.0009380344399080316
1357,READ,33270.49762587487,3.005665894285536e-05,5.911825543087261e-06,0.0033106223041288662
1358,READ,44057.783039913105,2.2697465260430232e-05,4.482517650441951e-06,0.0025102098842474923
1359,READ,33464.0316655079,2.9882830915162013e-05,5.878198150243065e-06,0.003291790964136116
1360,READ,50602.31185313703,1.976194295039914e-05,3.909127495530423e-06,0.0021891113974970367
1361,READ,31179.62846345248,3.207222309182292e-05,6.301270987790416e-06,0.003528711753162633
1362,READ,22392.044030767855,4.4658718901496755e-05,8.713820857606166e-06,0.004879739680259453
1363,READ,22377.669237737922,4.4687406421826546e-05,8.719281716337265e-06,0.004882797761148868
1364,READ,68268.65313744827,1.4648011262015908e-05,2.9057665795175073e-06,0.001627229284529804
1365,READ,17238.760432616433,5.800881124306128e-05,1.1236737567044146e-05,0.006292573037544722
1366,READ,17499.283826405703,5.7145195764585575e-05,1.1074636288044073e-05,0.006201796321304681
1367,READ,15027.573408079794,6.654434304492137e-05,1.2830733480063698e-05,0.007185210748835671
1368,READ,14765.635185376788,6.7724821008063e-05,1.3050030069281133e-05,0.007308016838797435
1369,READ,12998.45442742112,7.693222341037963e-05,1.4750943853564356e-05,0.00826052855799604
1370,READ,63209.9731286636,1.582028832640863e-05,3.1362722953713015e-06,0.0017563124854079288
1371,READ,12309.624411971985,8.123724709483653e-05,1.5540469060926887e-05,0.008702662674119056
1372,READ,12585.566785596095,7.945609578302648e-05,1.5214254604764907e-05,0.008519982578668348
1373,READ,10698.424062631377,9.34717108001831e-05,1.7764475639519922e-05,0.009948106358131157
1374,READ,11384.875023380519,8.783583464432878e-05,1.6743582465997037e-05,0.00937640618095834
1375,READ,11344.210785093308,8.815068927615795e-05,1.680077777608273e-05,0.00940843555460633
1376,READ,10278.61399776664,9.728938164399228e-05,1.8452543843817225e-05,0.010333424552537647
1377,READ,9538.549255580816,0.00010483774557382715,1.9804824924676476e-05,0.011090701957818826
1378,READ,9387.546798918225,0.0001065241027736059,2.0105459571373878e-05,0.011259057359969371
1379,READ,8729.538828595118,0.0001145535886413984,2.1529594061694293e-05,0.012056572674548804
1380,READ,8539.192993639306,0.00011710708503073795,2.1979971206216626e-05,0.012308783875481311
1381,READ,8541.454223044146,0.00011707608258346473,2.1974510347326275e-05,0.012305725794502714
1382,READ,8147.075963999527,0.00012274342407249194,2.2969823718883874e-05,0.012863101282574969
1383,READ,7863.343359072676,0.000127172368588764,2.374354118956608e-05,0.013296383066157005
1384,READ,401195.3862374211,2.49255109680702e-06,4.978153544450756e-07,0.0002787765984892423
1385,READ,322130.25756252726,3.1043342763474943e-06,-6.219480667023793e-07,-0.0003482909173533324
1386,READ,1531998.1059135327,6.527423213775441e-07,1.3050076158827486e-07,7.308042648943392e-05
1387,READ,95473.15836770354,1.0474148096668372e-05,2.08261399915866e-06,0.0011662638395288497
1388,READ,83582.30776665383,1.1964254478254093e-05,2.3769255361363096e-06,0.0013310783002363333
1389,READ,43232.25848055918,2.3130875766059807e-05,4.567017252348073e-06,0.002557529661314921
1390,READ,76955.56539622643,1.2994511765994194e-05,2.580126958729973e-06,0.0014448710968887847
1391,READ,47753.45913000423,2.0940891366164608e-05,4.139633211975781e-06,0.0023181945987064373
1392,READ,31121.825597874144,3.213179113979443e-05,6.312767532355208e-06,0.0035351498181189164
1393,READ,32787.368132172254,3.0499550801662568e-05,5.997474799429455e-06,0.003358585887680495
1394,READ,90069.92278979499,1.1102485369436788e-05,2.2067766786459207e-06,0.0012357949400417156
1395,READ,25017.443749389284,3.997210946159963e-05,7.819389691934145e-06,0.004378858227483121
1396,READ,25979.27859283937,3.8492215879913945e-05,7.535999869037982e-06,0.00422015992666127
1397,READ,18661.597266995843,5.3585981183323476e-05,1.0404962564864836e-05,0.005826779036324309
1398,READ,16064.707899460256,6.224825289438335e-05,1.2030286559590816e-05,0.0067369604733708574
1399,READ,17225.567758690766,5.8053238883546985e-05,1.1245072561840019e-05,0.006297240634630411
1400,READ,14573.652497573177,6.861697849365636e-05,1.3215580312292216e-05,0.007400724974883641
1401,READ,14020.934204256124,7.1321923734329e-05,1.371654224608055e-05,0.007681263657805108
1402,READ,20508.79522157908,4.87595682338187e-05,9.492711751982669e-06,0.005315918581110295
1403,READ,12910.528496947645,7.745616302511734e-05,1.4847227415414252e-05,0.008314447352631982
1404,READ,51365.86849923854,1.9468180510075953e-05,3.851644773219978e-06,0.0021569210730031877
1405,READ,10975.386584129477,9.111296375163772e-05,1.733795382940719e-05,0.009709254144468027
1406,READ,11147.336241388208,8.970752997358832e-05,1.7083305363089567e-05,0.009566651003330158
1407,READ,10974.430545164938,9.112090106949332e-05,1.733939089726775e-05,0.00971005890246994
1408,READ,10881.125024755163,9.190226173533936e-05,1.7480798397645334e-05,0.009789247102681387
1409,READ,9566.029280532972,0.00010453658155061438,1.9751078577710102e-05,0.011060604003517657
1410,READ,8755.28056207598,0.00011421678527716859,2.1470099442225338e-05,0.012023255687646188
1411,READ,8844.286411944166,0.00011306734692009803,2.1266898012164395e-05,0.011909462886812062
1412,READ,8570.713185735342,0.00011667640467357478,2.190409401014309e-05,0.01226629264568013
1413,READ,8313.964440353086,0.0001202795618353079,2.2537841045489046e-05,0.012621190985473865
1414,READ,8288.800173278887,0.00012064472289050485,2.260193428301713e-05,0.012657083198489594
1415,READ,8038.092342345348,0.00012440762775664017,2.3260973717972996e-05,0.013026145282064878
1416,READ,195013.65856756846,5.127845953690055e-06,1.0226326053562182e-06,0.0005726742589994821
1417,READ,77943.7431280112,1.2829766186076619e-05,2.547649220673113e-06,0.0014266835635769433
1418,READ,49890.129819930946,2.0044044856353596e-05,3.964310908888634e-06,0.002220014108977635
1419,READ,70642.0423143948,1.4155876121891638e-05,2.8089081927860144e-06,0.001572988587960168
1420,READ,88174.58886747871,1.1341135953612916e-05,2.2539125109227856e-06,0.00126219100611676
1421,READ,34229.49383302866,2.921457164625326e-05,5.748862025986788e-06,0.0032193627345526014
1422,READ,32254.277022334012,3.1003640208942345e-05,6.094908014090216e-06,0.003413148487890521
1423,READ,42426.10262184718,2.3570395068177987e-05,4.652666508509016e-06,0.0026054932447650493
1424,READ,26739.326999638324,3.739809906261014e-05,7.326187931396614e-06,0.004102665241582103
1425,READ,26876.022477289753,3.720788672672827e-05,7.289686402814059e-06,0.004082224385575873
1426,READ,26421.77052014801,3.7847577218091675e-05,7.412412015388489e-06,0.004150950728617554
1427,READ,21244.91117769554,4.707009559305068e-05,9.172245572115973e-06,0.005136457520384945
1428,READ,21358.92539453914,4.681883482095364e-05,9.124534912182685e-06,0.005109739550822304
1429,READ,20134.111342320084,4.966695490046736e-05,9.664585093392919e-06,0.005412167652300035
1430,READ,15955.804812677718,6.26731156303346e-05,1.2109612717539368e-05,0.006781383121822046
1431,READ,14665.040384590497,6.818937921580936e-05,1.3136254154203963e-05,0.007356302326354219
1432,READ,471834.1931523407,2.119388578684739e-06,4.2337522962629375e-07,0.0002370901285907245
1433,READ,12325.829990046537,8.113043915156455e-05,1.552092493494691e-05,0.00869171796357027
1434,READ,12569.940348573324,7.955487235971641e-05,1.523236166276503e-05,0.008530122531148416
1435,READ,11996.581039008895,8.335708288455955e-05,1.5927902617652857e-05,0.0089196254658856
1436,READ,13244.291772076136,7.550422606276084e-05,1.4488247807436805e-05,0.00811341877216461
1437,READ,12522.299280669791,7.985753874639163e-05,1.528783249099927e-05,0.008561186194959592
1438,READ,11483.486981570124,8.708156343146488e-05,1.6606486170164463e-05,0.009299632255292099
1439,READ,9946.571134365353,0.0001005371586339945,1.9035706077868855e-05,0.010659995403606558
1440,READ,10194.689893232626,9.809028135949614e-05,1.8596538067159868e-05,0.010414061317609526
1441,READ,9551.903232911156,0.00010469117783296761,1.9778670285239787e-05,0.01107605535973428
1442,READ,9224.456326730391,0.00010840747298051873,2.0440583852739495e-05,0.011446726957534117
1443,READ,9021.55951515509,0.00011084558033676165,2.0873428765292468e-05,0.011689120108563782
1444,READ,8556.836549328966,0.0001168656189977616,2.1937433990161947e-05,0.012284963034490691
1445,READ,8667.087154102284,0.00011537901745071093,2.1675312767700663e-05,0.012138175149912372
1446,READ,8234.893890915651,0.00012143447301769766,2.274046764868674e-05,0.012734661883264574
1447,READ,8098.215832116766,0.00012348398965042319,2.3099447262347106e-05,0.01293569046691438
1448,READ,571430.412972907,1.7499943602886475e-06,-3.5034220631345254e-07,-0.00019619163553553343
1449,READ,88572.39723321516,1.1290199105337009e-05,2.2438530344550192e-06,0.0012565576992948108
1450,READ,68866.08521082239,1.452093576887174e-05,2.880761595482029e-06,0.001613226493469936
1451,READ,153971.0273712108,6.494728372430007e-06,1.2942384672015717e-06,0.0007247735416328802
1452,READ,40622.40652993562,2.4616956143725165e-05,4.856442759230677e-06,0.0027196079451691792
1453,READ,49293.752088048124,2.0286546623876543e-05,4.011734154869113e-06,0.002246571126726703
1454,READ,42730.96761002611,2.340223158825373e-05,4.619901356829002e-06,0.0025871447598242413
1455,READ,25762.435162984293,3.8816206374652396e-05,7.598081209494187e-06,0.004254925477316745
1456,READ,101771.75547472243,9.825908920755279e-06,1.9544275290909397e-06,0.0010944794162909262
1457,READ,23248.807830562702,4.301295822512704e-05,8.400252604973593e-06,0.004704141458785212
1458,READ,22297.05149936234,4.484897924860596e-05,8.750034973040139e-06,0.004900019584902477
1459,READ,32828.970233784254,3.0460900627668827e-05,5.990002045574687e-06,0.003354401145521825
1460,READ,27829.693956777064,3.593284214886168e-05,7.044810004098578e-06,0.0039450936022952035
1461,READ,16300.759040563946,6.134683651917867e-05,1.1861862180631138e-05,0.006642642821153438
1462,READ,31757.46164856973,3.148866276108806e-05,6.188604853155334e-06,0.003465618717766987
1463,READ,17453.003204599772,5.72967292950733e-05,1.110309023588739e-05,0.006217730532096938
1464,READ,333178.0694639658,3.001398026013093e-06,5.992723584733096e-07,0.0003355925207450534
1465,READ,12699.285683339147,7.87445865015819e-05,1.508376882257756e-05,0.008446910540643433
1466,READ,13346.085905377198,7.492833532542267e-05,1.4382192182680542e-05,0.008054027622301103
1467,READ,12679.104525913937,7.886992318394172e-05,1.5106761911919671e-05,0.008459786670675016
1468,READ,13822.632263660807,7.234512073572002e-05,1.3905660405802106e-05,0.00778716982724918
1469,READ,11365.019114241675,8.798929328212789e-05,1.677146158710524e-05,0.009392018488778934
1470,READ,13029.168570701291,7.675086822106986e-05,1.471760387395641e-05,0.00824185816941559
1471,READ,11212.100762990009,8.918935185642437e-05,1.6989321109854465e-05,0.009514019821518501
1472,READ,10260.748535038736,9.74587766755191e-05,1.8483009687581106e-05,0.01035048542504542
1473,READ,9737.148827407776,0.00010269946754693078,1.9422852223681844e-05,0.010876797245261832
1474,READ,9832.34036674882,0.0001017051854085338,1.9244943192961336e-05,0.010777168188058349
1475,READ,9082.501409242494,0.00011010182712246921,2.0741505913423747e-05,0.011615243311517299
1476,READ,8659.996264728721,0.00011547349091510555,2.1691982757639935e-05,0.012147510344278363
1477,READ,8514.511761874954,0.00011744654631609707,2.203975323942679e-05,0.012342261814079002
1478,READ,8355.805574077116,0.00011967727002916152,2.2432072832712285e-05,0.01256196078631888
1479,READ,8290.713499097914,0.0001206168805747306,2.259704825157706e-05,0.012654347020883154
1480,READ,85763.87688254623,1.1659920660647159e-05,2.3168560915321665e-06,0.0012974394112580132
1481,READ,535521.1452847765,1.8673398964820064e-06,3.730778479324361e-07,0.0002089235948421642
1482,READ,62482.03521113306,1.6004600308246998e-05,3.1724864105383535e-06,0.001776592389901478
1483,READ,123544.65533481233,8.094239263446475e-06,1.6115430920817234e-06,0.0009024641315657651
1484,READ,30752.58770758669,3.2517588747606406e-05,6.3872076580736335e-06,0.0035768362885212346
1485,READ,45581.42729016237,2.1938760136539764e-05,4.3344996404704024e-06,0.002427319798663425
1486,READ,29269.377303263485,3.416540056998417e-05,6.70479970019753e-06,0.0037546878321106166
1487,READ,35956.54943097712,2.7811344965668056e-05,5.4769687474999846e-06,0.0030671024985999915
1488,READ,32215.637537242954,3.104082602257826e-05,6.102093354331858e-06,0.0034171722784258405
1489,READ,21981.629161086006,4.54925334547221e-05,8.872473172669497e-06,0.004968584976694918
1490,READ,38202.213073534156,2.6176493965811185e-05,5.159664119811438e-06,0.0028894119070944054
1491,READ,25132.657239394335,3.9788868740570095e-05,7.784325230997971e-06,0.004359222129358864
1492,READ,197631.66639017535,5.059917867745672e-06,1.0091241657268507e-06,0.0005651095328070364
1493,READ,19004.772021440003,5.261836337062408e-05,1.022245491952733e-05,0.005724574754935304
1494,READ,17313.27804247944,5.7759137093878134e-05,1.1189889147623608e-05,0.006266337922669221
1495,READ,16885.355900403545,5.9222915163789995e-05,1.1464369150266154e-05,0.006420046724149046
1496,READ,13879.336638044984,7.204955294901313e-05,1.385105181861589e-05,0.007756589018424898
1497,READ,15148.265330191929,6.601415925867796e-05,1.2732150609627903e-05,0.007130004341391626
1498,READ,13844.962283553345,7.222843800650264e-05,1.3884104384524983e-05,0.00777509845533399
1499,READ,13162.89477249092,7.597113076448016e-05,1.4574184478986345e-05,0.008161543308232353
1500,READ,12628.66941315919,7.918490596942785e-05,1.5164532049036504e-05,0.008492137947460442
1501,READ,11213.096608638816,8.918143086625848e-05,1.69878840417605e-05,0.00951321506338588
1502,READ,11105.923211381454,9.004204161750286e-05,1.7143949636568578e-05,0.009600611796478404
1503,READ,10716.303249869621,9.331576166549471e-05,1.7736309104875523e-05,0.009932333098730293
1504,READ,10343.318540694647,9.668076991592304e-05,1.8343039254841223e-05,0.010272101982711085
1505,READ,9407.780725075492,0.00010629499445438824,2.006464683727132e-05,0.01123620222887194
1506,READ,9445.330605608771,0.00010587241905605568,1.9989344468825884e-05,0.011194032902542495
1507,READ,9009.963560497277,0.00011098824021712338,2.089872116395055e-05,0.011703283851812308
1508,READ,8986.855650967242,0.00011127362437298874,2.0949305961249868e-05,0.011731611338299926
1509,READ,8575.987794287237,0.0001166046435684219,2.1891447810937387e-05,0.012259210774124937
1510,READ,8421.97810990308,0.0001187369507436903,2.2266810000292696e-05,0.01246941360016391
1511,READ,8592.20935284078,0.00011638450123068489,2.1852646971839804e-05,0.01223748230423029
1512,READ,686335.8189600424,1.457012693167073e-06,2.9116496924205946e-07,0.0001630523827755533
1513,READ,131430.5901759264,7.608578784143403e-06,1.5152595327699185e-06,0.0008485453383511544
1514,READ,62192.09665292188,1.6079213498473017e-05,3.187144504608159e-06,0.001784800922580569
1515,READ,40267.22023071547,2.4834095680565728e-05,4.898692560252592e-06,0.0027432678337414515
1516,READ,37392.511110998246,2.67433229352139e-05,5.269743533308448e-06,0.0029510563786527308
1517,READ,43680.50886453022,2.2893506188340852e-05,4.52074366080246e-06,0.0025316164500493775
1518,READ,794662.6480609742,1.2583956254142076e-06,2.5150189131014903e-07,0.00014084105913368347
1519,READ,29976.232973590777,3.3359762078210606e-05,6.549596349129566e-06,0.0036677739555125567
1520,READ,50602.31185221966,1.97619429507574e-05,3.909127495600516e-06,0.0021891113975362887
1521,READ,34234.71251200258,2.9210118228666393e-05,5.7479997839042115e-06,0.0032188798789863585
1522,READ,26828.508701510396,3.727378256934951e-05,7.302332601591068e-06,0.004089306256890998
1523,READ,22667.85421635835,4.411533577264432e-05,8.61035195662408e-06,0.004821797095709485
1524,READ,19309.231646600034,5.178869974228518e-05,1.0065814499385709e-05,0.005636856119655997
1525,READ,18122.317828914074,5.518057951751098e-05,1.070530979247478e-05,0.005994973483785877
1526,READ,55670.976929322846,1.796268100826668e-05,3.5567584082948012e-06,0.0019917847086450887
1527,READ,15861.09706122709,6.30473413118774e-05,1.2179454226126762e-05,0.006820494366630987
1528,READ,15012.22514583679,6.661237693183154e-05,1.2843379679330523e-05,0.007192292620425093
1529,READ,14739.016510442376,6.78471320858834e-05,1.3072735745038878e-05,0.007320732017221772
1530,READ,12380.224794719212,8.077397757967612e-05,1.5455682043608562e-05,0.008655181944420795
1531,READ,13213.143826428357,7.568221561320201e-05,1.4521012959745145e-05,0.008131767257457281
1532,READ,12289.661945322912,8.136920319281613e-05,1.556461180465507e-05,0.008716182610606839
1533,READ,11566.387670100617,8.645741682902635e-05,1.6492957790977545e-05,0.009236056362947425
1534,READ,11433.668227019967,8.74609950319187e-05,1.6675465438457726e-05,0.009338260645536327
1535,READ,10944.681522325489,9.136857915510394e-05,1.7384227421844633e-05,0.009735167356232994
1536,READ,10757.38398090882,9.295940367794853e-05,1.7671928454259215e-05,0.00989627993438516
1537,READ,9950.856029533412,0.0001004938667620226,1.9027945910213197e-05,0.01065564970971939
1538,READ,9316.809617832156,0.00010733287906688823,2.0249453795171733e-05,0.01133969412529617
1539,READ,9310.505186373277,0.00010740555748398978,2.0262387408104498e-05,0.011346936948538519
1540,READ,8798.25023665461,0.00011365896321451225,2.1371516570120703e-05,0.011968049279267593
1541,READ,8328.246197937708,0.00012007329949583217,2.25016269291016e-05,0.012600911080296895
1542,READ,8385.835907884704,0.00011924869637143261,2.235677046386727e-05,0.01251979145976567
1543,READ,8238.007401209297,0.0001213885775161121,2.273242006735636e-05,0.012730155237719561
1544,READ,284856.8965660136,3.510534630037497e-06,7.007293625790735e-07,0.0003924084430442811
1545,READ,170075.6981574702,5.879734793586542e-06,1.1720876824697674e-06,0.0006563691021830697
1546,READ,82517.47620943753,1.2118644994205845e-05,2.4073913788112906e-06,0.0013481391721343228
1547,READ,88424.22415897643,1.1309118168818951e-05,2.247589411384722e-06,0.0012586500703754445
1548,READ,121135.51033322368,8.255217625691807e-06,1.6434460026698182e-06,0.0009203297614950982
1549,READ,38152.61483522172,2.6210523297522985e-05,5.16627463299211e-06,0.0028931137944755814
1550,READ,44625.64381320664,2.2408640291796915e-05,4.42618458258074e-06,0.002478663366245214
1551,READ,27032.68131139166,3.699226090378969e-05,7.248298842107448e-06,0.004059047351580171
1552,READ,27137.01578411375,3.685003568393135e-05,7.220994548976447e-06,0.0040437569474268105
1553,READ,26744.682948619487,3.739060963710614e-05,7.324750863298778e-06,0.004101860483447316
1554,READ,20047.6996024739,4.9881034723634794e-05,9.70511041300265e-06,0.005434861831281484
1555,READ,26357.0611586224,3.7940497006923016e-05,7.4302316594445e-06,0.00416092972928892
1556,READ,18533.435886751766,5.395653596615773e-05,1.0474804073308392e-05,0.0058658902810527
1557,READ,16959.58388453207,5.8963710832082775e-05,1.1415796249394871e-05,0.006392845899661128
1558,READ,18031.97116724166,5.545705406942315e-05,1.075733165681713e-05,0.006024105727817593
1559,READ,14630.475071788725,6.835048042481233e-05,1.3166145170234587e-05,0.007373041295331368
1560,READ,77775.83111898277,1.285746465981422e-05,2.553110079297224e-06,0.0014297416444064453
1561,READ,14722.55260604304,6.79230040305333e-05,1.308681901221893e-05,0.007328618646842601
1562,READ,14242.392949607525,7.021292022613074e-05,1.3511328923699655e-05,0.0075663441972718066
1563,READ,13199.526748309614,7.576029194592633e-05,1.453538364061616e-05,0.00813981483874505
1564,READ,13947.672422367517,7.16965504865404e-05,1.3785808927670968e-05,0.007720052999495742
1565,READ,11167.2637729683,8.954745050623949e-05,1.705427658760487e-05,0.009550394889058726
1566,READ,11302.204554716973,8.847831369169922e-05,1.6860272395190704e-05,0.009441752541306794
1567,READ,10107.311094262765,9.89382824644264e-05,1.8748867285549276e-05,0.010499365679907594
1568,READ,10221.3503989761,9.783443096718147e-05,1.8550551888100578e-05,0.010388309057336323
1569,READ,10242.606459855537,9.7631399187244e-05,1.8514050358423834e-05,0.010367868200717348
1570,READ,9468.690346970181,0.00010561122640577035,1.9942783462291567e-05,0.011167958738883278
1571,READ,9182.810461859219,0.00010889912234968778,2.052795759323784e-05,0.011495656252213191
1572,READ,9200.439177490454,0.00010869046365162361,2.0490881236291132e-05,0.011474893492323033
1573,READ,8845.938939462258,0.00011304622458323115,2.1263161635135397e-05,0.011907370515675822
1574,READ,8472.226416396468,0.00011803272845313483,2.214293472946317e-05,0.012400043448499374
1575,READ,8258.63433804912,0.00012108539488094384,2.2679248547258e-05,0.01270037918646448
1576,READ,88881.72352826824,1.1250906939062187e-05,2.236092867069915e-06,0.0012522120055591525
1577,READ,3933137.8682892793,2.5424992295908267e-07,-5.085722564140924e-08,-2.8480046359189174e-05
1578,READ,282649.81229520444,3.53794680378412e-06,7.061902212326229e-07,0.0003954665238902688
1579,READ,75631.53613533723,1.3221997741928334e-05,2.6249634820952384e-06,0.0014699795499733335
1580,READ,57001.27638397395,1.7543466803510957e-05,3.4745581155264906e-06,0.0019457525446948348
1581,READ,46123.13677418857,2.168109261292957e-05,4.28420225846052e-06,0.002399153264737891
1582,READ,122578.35654785209,8.158047049762985e-06,1.6241892908671326e-06,0.0009095460028855942
1583,READ,55607.43423189154,1.798320699045107e-05,3.56078219941977e-06,0.001994038031675071
1584,READ,29373.31218431494,3.404450930576328e-05,6.681519197357653e-06,0.0037416507505202857
1585,READ,23082.171546195455,4.332348011531983e-05,8.459459809316222e-06,0.004737297493217085
1586,READ,23771.61996339811,4.206696899663257e-05,8.219756855517991e-06,0.004603063839090075
1587,READ,20956.345981104903,4.771824252670961e-05,9.295258599003512e-06,0.005205344815441966
1588,READ,18283.19325872517,5.469504073216404e-05,1.0613912262848116e-05,0.005943790867194945
1589,READ,17115.78602514658,5.8425596027596754e-05,1.1314914070325848e-05,0.0063363518793824744
1590,READ,18160.51572987067,5.506451550575659e-05,1.0683466357760524e-05,0.0059827411603458934
1591,READ,16039.327302891681,6.234675439410186e-05,1.20486810308969e-05,0.006747261377302264
1592,READ,15473.650439227089,6.462599138629309e-05,1.2473765768941207e-05,0.006985308830607076
1593,READ,14081.064233035444,7.10173594446015e-05,1.3660209177194164e-05,0.007649717139228732
1594,READ,13153.429411172294,7.602580047684123e-05,1.4584243955568149e-05,0.008167176615118163
1595,READ,11821.641198327467,8.459062352031803e-05,1.615294748058249e-05,0.009045650589126195
1596,READ,16223.087896540084,6.164054626205108e-05,1.1916758181385142e-05,0.00667338458157568
1597,READ,11407.88384320276,8.765867655602375e-05,1.6711392140857997e-05,0.009358379598880478
1598,READ,11347.87756483736,8.812220560949736e-05,1.6795604330916016e-05,0.009405538425312969
1599,READ,10341.09804649364,9.670152971222146e-05,1.8346775631866775e-05,0.010274194353845394
1600,READ,10419.357337762656,9.597520917875819e-05,1.8216002435052858e-05,0.0102009613636296
1601,READ,9827.066094711905,0.00010175977146812061,1.9254715256103046e-05,0.010782640543417706
1602,READ,9321.157357569766,0.00010728281495944215,2.024054397299764e-05,0.01133470462487868
1603,READ,9421.36352495133,0.00010614174873431242,2.003734254343524e-05,0.011220911824323736
1604,READ,8819.947294609738,0.00011337936232466429,2.1322081427358512e-05,0.011940365599320766
1605,READ,8570.473575501139,0.00011667966667075656,2.190466883740176e-05,0.012266614548944985
1606,READ,8813.377115875204,0.00011346388414478914,2.1337026935710328e-05,0.011948735083997783
1607,READ,7832.055135822298,0.00012768040861027577,2.3832064585262395e-05,0.013345956167746942
1608,READ,935922.9499070165,1.0684640227054477e-06,-2.1382074201237265e-07,-0.00011973961552692869
1609,READ,231312.43748167204,4.323157072257451e-06,8.625432249393966e-07,0.0004830242059660621
1610,READ,2696031.850353804,3.7091549933609597e-07,7.416769429669499e-08,4.1533908806149195e-05
1611,READ,93627.37976962137,1.0680636395684578e-05,2.1234267317892496e-06,0.0011891189698019797
1612,READ,47420.332978509774,2.108800038273004e-05,4.168374573173123e-06,0.002334289760976949
1613,READ,40181.167804307996,2.4887280650235003e-05,4.909039450235196e-06,0.00274906209213171
1614,READ,309427.0107082894,3.2317799202822163e-06,-6.475278779088866e-07,-0.0003626156116289765
1615,READ,28913.093276576532,3.458640659559362e-05,6.7858503389241525e-06,0.0038000761897975252
1616,READ,41120.68866126508,2.43186588687164e-05,4.7983852096442225e-06,0.0026870957174007647
1617,READ,26332.09562450536,3.7976468499125945e-05,7.437129586053921e-06,0.004164792568190196
1618,READ,24576.72497710521,4.068890386866289e-05,7.956485985432156e-06,0.004455632151842007
1619,READ,21323.770247552016,4.689602206320905e-05,9.139193006395807e-06,0.005117948083581652
1620,READ,19382.11689563328,5.159395154743372e-05,1.0029025556649602e-05,0.005616254311723777
1621,READ,18251.10200876314,5.479121203310665e-05,1.0632019320655968e-05,0.0059539308195673425
1622,READ,526986.4530450004,1.8975819856883644e-06,3.791135336909179e-07,0.00021230357886691401
1623,READ,16949.444739453113,5.899898287949849e-05,1.1422406762525741e-05,0.006396547787014415
1624,READ,15781.656408094961,6.336470482826284e-05,1.2238661430975168e-05,0.006853650401346095
1625,READ,14447.990380177393,6.921377808861207e-05,1.3326234554638356e-05,0.0074626913505974795
1626,READ,17009.56899777808,5.87904373197597e-05,1.1383318510846388e-05,0.006374658366073977
1627,READ,12509.522410387823,7.993910296444305e-05,1.5302777999067317e-05,0.008569555679477698
1628,READ,12628.419452824777,7.918647331407066e-05,1.5164819462665997e-05,0.008492298899092959
1629,READ,11405.62012378059,8.76760745270668e-05,1.671455369057873e-05,0.00936015006672409
1630,READ,11470.369540848824,8.718114934647506e-05,1.6624593228072082e-05,0.009309772207720366
1631,READ,10745.248766313545,9.306438796791837e-05,1.7690897753258084e-05,0.009906902741824528
1632,READ,10657.40781760971,9.383144730068933e-05,1.7829431117412787e-05,0.00998448142575116
1633,READ,9595.585677975976,0.00010421458716118022,1.9693595853731237e-05,0.011028413678089493
1634,READ,9346.337100851426,0.00010699378689314584,2.0189096935012486e-05,0.011305894283606992
1635,READ,9350.287443209678,0.00010694858378136977,2.0181049353622516e-05,0.011301387638028609
1636,READ,9201.123745359873,0.000108682377030773,2.0489444168257126e-05,0.011474088734223991
1637,READ,8581.628770989715,0.00011652799563883611,2.1877939370573136e-05,0.012251646047520956
1638,READ,8540.501989503005,0.00011708913612210196,2.197680965629044e-05,0.012307013407522646
1639,READ,8186.474968048864,0.00012215269745561032,2.2866354815009023e-05,0.012805158696405052
1640,READ,1634237.084545457,6.11906319748054e-07,-1.2242321441121678e-07,-6.85570000702814e-05
1641,READ,186496.86051749185,5.362020557478544e-06,1.0691936101498818e-06,0.0005987484216839338
1642,READ,328444.3128405855,3.044656159065121e-06,6.078947667075333e-07,0.0003404210693562186
1643,READ,53141.07047951962,1.881783695692386e-05,3.7243205435965286e-06,0.002085619504414056
1644,READ,24385.688024670326,4.100765986132225e-05,8.017417671631574e-06,0.0044897538961136815
1645,READ,38876.62306523137,2.5722398736178622e-05,5.0714281410247475e-06,0.0028399997589738588
1646,READ,38100.995297157926,2.6246033527491424e-05,5.173172559649611e-06,0.002896976633403782
1647,READ,25119.383325670726,3.980989449601858e-05,7.788349021608609e-06,0.004361475452100821
1648,READ,22969.45293055201,4.353608259733018e-05,8.499985128864105e-06,0.004759991672163899
1649,READ,30204.386804626047,3.310777359819938e-05,6.501023448643091e-06,0.003640573131240131
1650,READ,22518.404894156432,4.440811881215893e-05,8.666110197704392e-06,0.004853021710714459
1651,READ,23274.087723014287,4.2966238329125256e-05,8.391342782836166e-06,0.004699151958388253
1652,READ,87746.68378642983,1.1396442085879166e-05,2.264834227992312e-06,0.0012683071676756947
1653,READ,17997.26435117859,5.5564000199536594e-05,1.0777450609916963e-05,0.006035372341553499
1654,READ,17827.599287167995,5.6092802171057495e-05,1.087689572067042e-05,0.0060910616035754345
1655,READ,16656.595773524237,6.00362771359023e-05,1.1616698366558676e-05,0.006505351085272859
1656,READ,266662.48166850046,3.750058852460328e-06,7.484400217797077e-07,0.00041912641219663633
1657,READ,12978.406537043938,7.70510614801382e-05,1.477278728872248e-05,0.008272760881684589
1658,READ,14190.932615594367,7.046753212689513e-05,1.3558464756903867e-05,0.007592740263866166
1659,READ,12647.94485316779,7.906422834770197e-05,1.514240120044354e-05,0.008479744672248383
1660,READ,12020.189586852923,8.319336336373176e-05,1.5898011601431857e-05,0.00890288649680184
1661,READ,11381.595269220194,8.786114567826436e-05,1.674818108393824e-05,0.009378981407005414
1662,READ,11229.252813627694,8.905312014940222e-05,1.6964603538640853e-05,0.009500177981638878
1663,READ,10488.739860689848,9.534033766514157e-05,1.810161181471718e-05,0.01013690261624162
1664,READ,10674.612694374964,9.368021385234468e-05,1.780212682366323e-05,0.009969191021251409
1665,READ,9347.042288212713,0.0001069857147496884,2.0187659866755365e-05,0.011305089525383004
1666,READ,9511.363740659832,0.00010513739430709933,1.9858283858080265e-05,0.011120638960524948
1667,READ,9171.63767820996,0.00010903178200942313,2.0551525510225125e-05,0.01150885428572607
1668,READ,8774.02331720783,0.00011397279946119763,2.1426987399023104e-05,0.011999112943452938
1669,READ,8540.740029197344,0.0001170858727207951,2.1976234829074593e-05,0.012306691504281772
1670,READ,8661.21805424254,0.00011545720171658399,2.1689108621391194e-05,0.012145900827979068
1671,READ,8008.448147384186,0.00012486813694693544,2.3341449532031878e-05,0.01307121173793785
1672,READ,62146.857901890064,1.609091808919252e-05,3.189443813512649e-06,0.0017860885355670834
1673,READ,703003.7975628976,1.4224674226038306e-06,2.842670425806273e-07,0.00015918954384515127
1674,READ,84894.60111534034,1.1779312074761624e-05,2.3404240074803545e-06,0.0013106374441889986
1675,READ,45220.18972036524,2.2114016022131876e-05,4.368701860381989e-06,0.0024464730418139137
1676,READ,26102.319564233734,3.831077148293875e-05,7.501222821899214e-06,0.00420068478026356
1677,READ,46825.68608556269,2.1355800279631576e-05,4.220683850369222e-06,0.0023635829562067643
1678,READ,45374.31089424262,2.2038902195799217e-05,4.354043766117931e-06,0.0024382645090260413
1679,READ,28733.190554209,3.4802957162497024e-05,6.8275253127475716e-06,0.00382341417513864
1680,READ,33781.384746418895,2.9602102089850187e-05,5.8238769774959624e-06,0.003261371107397739
1681,READ,29393.928253681224,3.402063145046843e-05,6.676920579704626e-06,0.0037390755246345907
1682,READ,26815.57894767498,3.729175498881795e-05,7.305781564739696e-06,0.00409123767625423
1683,READ,22334.65269117995,4.477347437754895e-05,8.735664292345829e-06,0.004891972003713664
1684,READ,22350.48210853933,4.474176418851991e-05,8.7296286063511e-06,0.0048885920195566165
1685,READ,17784.94120078968,5.6227343611099394e-05,1.0902188118836313e-05,0.006105225346548335
1686,READ,14442.166313210466,6.924168980697066e-05,1.3331407999649084e-05,0.0074655884798034864
1687,READ,15555.34101080729,6.428660093695382e-05,1.2410534773410985e-05,0.006949899473110152
1688,READ,14605.645406669815,6.846667655941722e-05,1.3187701191539166e-05,0.0073851126672619324
1689,READ,13731.06462858334,7.282756487201617e-05,1.399475862700831e-05,0.007837064831124653
1690,READ,12693.72973425954,7.8779052408928e-05,1.5090091922051225e-05,0.008450451476348686
1691,READ,13126.99573113787,7.617889275517563e-05,1.4612410490126821e-05,0.00818294987447102
1692,READ,52172.534231020545,1.916717320212948e-05,3.7927249830968224e-06,0.0021239259905342207
1693,READ,11293.919629561127,8.854321907715393e-05,1.687205635351559e-05,0.009448351557968731
1694,READ,10779.330101369942,9.277014346864749e-05,1.7637726233566245e-05,0.009877126690797097
1695,READ,10443.315688930728,9.575502932080646e-05,1.817633935570883e-05,0.010178750039196945
1696,READ,10010.410741946436,9.989600085136555e-05,1.8920740629911606e-05,0.010595614752750499
1697,READ,9080.631155325484,0.00011012450378116435,2.074552970419577e-05,0.011617496634349632
1698,READ,9551.609359355218,0.00010469439885756645,1.9779245112446997e-05,0.011076377262970317
1699,READ,8804.79921894875,0.00011357442403092015,2.1356571061910186e-05,0.011959679794669704
1700,READ,9005.885304370418,0.00011103850051418213,2.0907630986190576e-05,0.011708273352266723
1701,READ,8758.149563751196,0.0001141793700508228,2.1463488928963516e-05,0.01201955380021957
1702,READ,8649.746001094038,0.00011561033120203968,2.1716125501858763e-05,0.012161030281040907
1703,READ,8171.001289353046,0.00012238402180929982,2.2906880135716912e-05,0.012827852876001472
1704,READ,302066.49542012677,3.3105293541713656e-06,-6.633356263894579e-07,-0.00037146795077809644
1705,READ,169699.94535810294,5.892753812558912e-06,1.1746744049479498e-06,0.0006578176667708518
1706,READ,98635.45270374262,1.0138342478171199e-05,2.0162214552044084e-06,0.0011290840149144688
1707,READ,39381.40671211186,2.539269374784541e-05,5.0073349053916e-06,0.002804107547019296
1708,READ,119850.96989120616,8.343695515420047e-06,1.660978232969174e-06,0.0009301478104627374
1709,READ,39953.458194350096,2.502912251389073e-05,4.936631156998873e-06,0.002764513447919369
1710,READ,35259.18990271221,2.8361400325963753e-05,5.583599197614911e-06,0.0031268155506643503
1711,READ,32532.046038952794,3.073892121026243e-05,6.0437483909148174e-06,0.0033844990989122976
1712,READ,55090.86129786117,1.8151830928786436e-05,3.593834764381025e-06,0.0020125474680533742
1713,READ,33941.43640119892,2.9462512669754803e-05,5.796860098063919e-06,0.0032462416549157947
1714,READ,21863.230056858658,4.5738895734955347e-05,8.919321591619912e-06,0.004994820091307151
1715,READ,20803.096838657344,4.8069766138940934e-05,9.361938557432943e-06,0.005242685592162448
1716,READ,54829.50754920782,1.8238354577642893e-05,3.6107921671323907e-06,0.002022043613594139
1717,READ,16615.37628295989,6.018521536738008e-05,1.1644577487273156e-05,0.006520963392872967
1718,READ,17066.534950708967,5.8594202214343376e-05,1.1346529568022425e-05,0.0063540565580925586
1719,READ,15143.656934866925,6.603424815426112e-05,1.2735886986676255e-05,0.007132096712538703
1720,READ,21411.523531954605,4.670382275729225e-05,9.102691477408342e-06,0.005097507227348671
1721,READ,15107.592379744488,6.619188384647911e-05,1.2765203175605062e-05,0.007148513778338835
1722,READ,15982.110084644719,6.256996070630119e-05,1.2090356005165922e-05,0.006770599362892916
1723,READ,12781.65246697658,7.82371452035375e-05,1.4990646810433896e-05,0.008394762213842982
1724,READ,43717.10371809104,2.287434241866712e-05,4.517007283795815e-06,0.0025295240789256564
1725,READ,11597.5314650514,8.622524569245203e-05,1.6450707989111873e-05,0.00921239647390265
1726,READ,10537.54852440201,9.489873263067593e-05,1.8021998242244856e-05,0.010092319015657119
1727,READ,10091.47260706708,9.909356532362757e-05,1.8776746406623928e-05,0.0105149779877094
1728,READ,32051.283583689266,3.119999850829359e-05,6.132846610797965e-06,0.00343439410204686
1729,READ,10333.75977370922,9.677019999479416e-05,1.8359134417731145e-05,0.010281115273929442
1730,READ,9359.04585156767,0.0001068484988597953,2.016322970907436e-05,0.011291408637081642
1731,READ,9209.75753582413,0.00010858049151784923,2.047133711012092e-05,0.011463948781667715
1732,READ,8967.118873882324,0.0001115185394622798,2.0992705417823714e-05,0.01175591503398128
1733,READ,8219.248572198967,0.00012166562322770357,2.278099296941371e-05,0.012757356062871678
1734,READ,8496.32424942443,0.00011769795627417863,2.20840149371541e-05,0.012367048364806297
1735,READ,8575.987794351719,0.00011660464356754517,2.1891447810782875e-05,0.01225921077403841
1736,READ,407508.82355778094,2.453934595254744e-06,-4.914622881852436e-07,-0.00027521888138373643
1737,READ,113833.44215821203,8.784764661777903e-06,1.7483519704161862e-06,0.0009790771034330643
1738,READ,469282.52518623334,2.13091250223552e-06,4.2567453833755303e-07,0.0002383777414690297
1739,READ,89775.78638315607,1.1138860936645855e-05,2.2139620189025314e-06,0.0012398187305854176
1740,READ,29455.947204533455,3.394900164154605e-05,6.663124726238625e-06,0.0037313498466936303
1741,READ,38820.82721539654,2.5759368661865994e-05,5.078613481278193e-06,0.002844023549515788
1742,READ,943554.0511869595,1.059822697747981e-06,2.1183881306348097e-07,0.00011862973531554934
1743,READ,34022.02298963394,2.939272600881749e-05,5.783351658170796e-06,0.003238676928575646
1744,READ,107007.73294611232,9.345119015871375e-06,1.859293623862028e-06,0.0010412044293627357
1745,READ,27621.589153372344,3.6203565060915734e-05,7.096831868193886e-06,0.003974225846188576
1746,READ,22955.93530660573,4.3561718860230584e-05,8.504871160443239e-06,0.004762727849848214
1747,READ,24142.16471779884,4.142130631984085e-05,8.096456415250622e-06,0.004534015592540348
1748,READ,255360.53380091445,3.9160319142331736e-06,7.814925868964617e-07,0.00043763584866201856
1749,READ,20177.89854608813,4.9559174743391155e-05,9.644178726958175e-06,0.005400740087096578
1750,READ,17272.51335501522,5.78954538604911e-05,1.1215468959329391e-05,0.006280662617224459
1751,READ,15993.91574395911,6.252377566623728e-05,1.208173359665579e-05,0.006765770814127242
1752,READ,14340.652837139027,6.973183238982173e-05,1.342223070263817e-05,0.007516449193477375
1753,READ,13633.124825234145,7.33507550777395e-05,1.4091329602373211e-05,0.007891144577328998
1754,READ,14298.65411816131,6.99366522007032e-05,1.3460169299960061e-05,0.007537694807977634
1755,READ,12570.435855033887,7.955173643398733e-05,1.523178683541757e-05,0.00852980062783384
1756,READ,11470.785528327235,8.717798772634086e-05,1.6624018400883927e-05,0.009309450304494999
1757,READ,12584.076951157256,7.946550262536642e-05,1.5215979086488172e-05,0.008520948288433377
1758,READ,10777.29789885198,9.278763651012394e-05,1.7640887783344926e-05,0.009878897158673159
1759,READ,10411.048435700652,9.605180555791941e-05,1.822979828884761e-05,0.010208687041754662
1760,READ,10395.675576471145,9.619384451197487e-05,1.8255378100966054e-05,0.01022301173654099
1761,READ,9406.638597728179,0.00010630790049077813,2.0066946146275287e-05,0.011237489841914161
1762,READ,9858.636281944582,0.00010143390742910677,1.9196370291436172e-05,0.010749967363204256
1763,READ,9177.084613518731,0.00010896706765969047,2.0540028965376853e-05,0.011502416220611038
1764,READ,9394.66204403619,0.00010644342450134312,2.0091088890337515e-05,0.011251009778589009
1765,READ,8783.046655660275,0.00011385570852632843,2.1406293618242236e-05,0.011987524426215652
1766,READ,8559.106557464263,0.00011683462441858673,2.1931973131325457e-05,0.012281904953542255
1767,READ,9283.417969412187,0.00010771894611390837,2.031814565037141e-05,0.011378161564207989
1768,READ,234860.83777198583,4.257840555652143e-06,-8.536034352324156e-07,-0.0004780179237301527
1769,READ,1089633.6275225298,9.17739664729027e-07,-1.8364231301327935e-07,-0.00010283969528743644
1770,READ,155671.05699195433,6.423801696494447e-06,1.2801551999376136e-06,0.0007168869119650636
1771,READ,66484.78043651282,1.5041036361019692e-05,2.983080840862584e-06,0.001670525270883047
1772,READ,60373.283237098236,1.6563617984345748e-05,3.2822784096792813e-06,0.0018380759094203975
1773,READ,40702.99329560674,2.4568217691938998e-05,4.8469581100722996e-06,0.002714296541640488
1774,READ,33405.905142363714,2.9934827262975416e-05,5.888257626632524e-06,0.0032974242709142136
1775,READ,43739.65373438314,2.286254953166019e-05,4.514707974901623e-06,0.002528236465944909
1776,READ,269881.9644134452,3.705323555701009e-06,7.395301998851213e-07,0.00041413691193566794
1777,READ,28413.633601731806,3.5194372321991585e-05,6.902827679440443e-06,0.003865583500486648
1778,READ,26260.57699276606,3.807989444692962e-05,7.456961125554578e-06,0.004175898230310564
1779,READ,26039.131592587775,3.8403738482763274e-05,7.519042465872564e-06,0.004210663780888636
1780,READ,21168.653688565424,4.7239659862741555e-05,9.2044358967923e-06,0.005154484102203687
1781,READ,21082.152796048853,4.743348602365773e-05,9.241224839541538e-06,0.005175085910143261
1782,READ,18480.147581318863,5.411212197303424e-05,1.05041202619789e-05,0.005882307346708184
1783,READ,16791.828067269627,5.9552777457815007e-05,1.1526163077725258e-05,0.006454651323526145
1784,READ,261924.94501553342,3.817887601124418e-06,7.61948461418099e-07,0.00042669113839413544
1785,READ,15026.176861414198,6.65505277372254e-05,1.283188313454395e-05,0.007185854555344612
1786,READ,18407.489231189622,5.432571424817685e-05,1.054435816792902e-05,0.005904840574040252
1787,READ,12466.70605210802,8.021365032753844e-05,1.5353075382217243e-05,0.008597722214041656
1788,READ,12270.707562702373,8.149489301167653e-05,1.5587604894166608e-05,0.0087290587407333
1789,READ,11745.445204878606,8.513938659256938e-05,1.6252967419716614e-05,0.009101661755041304
1790,READ,11586.496343731043,8.630736767470325e-05,1.6465653497127383e-05,0.009220765958391334
1791,READ,10411.740363765015,9.604542228888116e-05,1.8228648634496932e-05,0.010208043235318282
1792,READ,23627.00058531947,4.23244582565146e-05,8.268904583455954e-06,0.004630586566735335
1793,READ,9791.527314918958,0.00010212911304208283,1.9320820388673805e-05,0.010819659417657331
1794,READ,9340.980956542893,0.00010705513742639093,2.0200018652478413e-05,0.011312010445387911
1795,READ,9028.028541938049,0.00011076615402296123,2.0859345497898735e-05,0.011681233478823291
1796,READ,9214.972607491914,0.00010851904206280381,2.0460415392541593e-05,0.011457832619823291
1797,READ,8369.191114854204,0.00011948586025537553,2.239844543894787e-05,0.012543129445810808
1798,READ,8351.809147285558,0.0001197345368368496,2.2442132309455695e-05,0.012567594093295189
1799,READ,8037.773638958204,0.000124412560606722,2.3261835958760375e-05,0.01302662813690581
1800,READ,1018192.8036063341,9.82132260666254e-07,1.9631847813523554e-07,0.0001099383477557319
1801,READ,113365.23461340142,8.821046447001182e-06,1.7555373107519878e-06,0.0009831008940211132
1802,READ,240051.59382920837,4.165771132981849e-06,8.312151414530947e-07,0.00046548047921373304
1803,READ,131230.6064059804,7.620173581354634e-06,1.5175588416666124e-06,0.000849832951333303
1804,READ,174673.47704465775,5.724967619121338e-06,1.1413344263495416e-06,0.0006391472787557433
1805,READ,40897.20040650879,2.445155145242778e-05,4.82425243477367e-06,0.0027015813634732556
1806,READ,57895.831956977614,1.727240055455287e-05,3.4213865974432836e-06,0.0019159764945682388
1807,READ,39621.266614870634,2.5238971023321108e-05,4.977443889884304e-06,0.0027873685783352106
1808,READ,27409.766083380637,3.6483346736998606e-05,7.150578213767689e-06,0.004004323799709906
1809,READ,23991.38792402396,4.1681623554535686e-05,8.146178970366745e-06,0.004561860223405377
1810,READ,67130.44187926165,1.4896371482233996e-05,2.9546268933616476e-06,0.0016545910602825226
1811,READ,23305.967812346924,4.290746507725909e-05,8.380133651924693e-06,0.004692874845077828
1812,READ,20397.75003232908,4.9025014936209454e-05,9.543009134639134e-06,0.005344085115397915
1813,READ,21492.2933791843,4.652830586095197e-05,9.069351498324656e-06,0.005078836839061808
1814,READ,18763.01063569114,5.3296350965009455e-05,1.0350353977996787e-05,0.005796198227678201
1815,READ,15965.217974419786,6.263616328961161e-05,1.2102714790787634e-05,0.006777520282841075
1816,READ,15225.591440325088,6.567889358645818e-05,1.2669781854931956e-05,0.007095077838761896
1817,READ,13200.615123441428,7.575404559930067e-05,1.453423398633516e-05,0.00813917103234769
1818,READ,14515.946843604808,6.888975350860859e-05,1.3266165108882676e-05,0.007429052460974299
1819,READ,11897.225440591046,8.405321097708986e-05,1.605493943685993e-05,0.00899076608464156
1820,READ,12032.255047677472,8.310994040913596e-05,1.5882778679652633e-05,0.008894356060605475
1821,READ,11204.140058615088,8.925272218737394e-05,1.700081765462631e-05,0.009520457886590734
1822,READ,13201.431518095575,7.574936086509041e-05,1.4533371745302101e-05,0.008138688177369176
1823,READ,11093.419762433656,9.014352845335961e-05,1.7162344108184153e-05,0.009610912700583125
1824,READ,20893.989474683527,4.786065395561068e-05,9.322275478693935e-06,0.005220474268068604
1825,READ,9697.683384844015,0.00010311741065529588,1.9497579764989143e-05,0.01091864466839392
1826,READ,9547.35011122221,0.00010474110495063686,1.9787580107464532e-05,0.011081044860180139
1827,READ,8850.009174869829,0.00011299423314040899,2.1253964399324472e-05,0.011902220063621705
1828,READ,8924.526833254266,0.00011205075839694205,2.1086977085537687e-05,0.011808707167901104
1829,READ,8402.196578049536,0.00011901649654478061,2.23159577295867e-05,0.012496936328568551
1830,READ,8452.223182383948,0.0001183120675379457,2.2192082458736362e-05,0.012427566176892363
1831,READ,8044.790576325151,0.0001243040437799437,2.3242866659680407e-05,0.013016005329421028
1832,READ,629149.0007006624,1.5894486026145367e-06,3.1760702130264094e-07,0.00017785993192947892
1833,READ,267382.7434356684,3.7399571384104577e-06,7.464281265300208e-07,0.0004179997508568117
1834,READ,881455.1837559342,1.1344876273107148e-06,-2.2704176806512445e-07,-0.0001271433901164697
1835,READ,79839.4315731893,1.2525139273859858e-05,2.487579776206947e-06,0.0013930446746758904
1836,READ,47114.62216532885,2.1224833269190246e-05,4.195104038925118e-06,0.002349258261798066
1837,READ,43345.54491639354,2.3070421699135085e-05,4.555233294128269e-06,0.0025509306447118302
1838,READ,168377.2337010232,5.93904519048957e-06,1.1838716404812818e-06,0.0006629681186695178
1839,READ,29965.516649596753,3.3371692258590074e-05,6.551895658173636e-06,0.003669061568577236
1840,READ,28437.781263043427,3.516448736806197e-05,6.89707940706803e-06,0.003862364467958097
1841,READ,23882.726950857723,4.187126545715024e-05,8.182393085767453e-06,0.004582140128029774
1842,READ,36655.70914419897,2.728087993240358e-05,5.374074674354961e-06,0.0030094818176387783
1843,READ,24215.16204310256,4.1296440561496876e-05,8.072601085395536e-06,0.0045206566078215
1844,READ,20206.366774670463,4.9489352101316026e-05,9.630957700503861e-06,0.005393336312282162
1845,READ,17883.64559147502,5.591701059412022e-05,1.0843843154980357e-05,0.0060725521667889994
1846,READ,18029.984423705406,5.546316494235143e-05,1.075848131131115e-05,0.006024749534334245
1847,READ,15261.482425049802,6.552443413744826e-05,1.2641040493357592e-05,0.007078982676280252
1848,READ,15304.767630006096,6.533911681477791e-05,1.260655085938521e-05,0.007059668481255718
1849,READ,13256.900170484925,7.543241535652454e-05,1.4475026781132248e-05,0.008106014997434059
1850,READ,13822.632263577452,7.234512073615629e-05,1.3905660405882696e-05,0.00778716982729431
1851,READ,12519.102721689605,7.987792913205188e-05,1.529156886797226e-05,0.008563278566064465
1852,READ,12929.329665655236,7.73435302416602e-05,1.4826533634893201e-05,0.008302858835540192
1853,READ,11544.450166760247,8.662170874792151e-05,1.652284880722756e-05,0.009252795332047434
1854,READ,11608.161084350839,8.61462890403991e-05,1.6436337307961422e-05,0.009204348892458396
1855,READ,10418.837662598924,9.597999627057778e-05,1.8216864676060414e-05,0.010201444218593831
1856,READ,9817.92637580115,0.00010185450182889555,1.927167265961265e-05,0.010792136689383084
1857,READ,9526.692383582746,0.00010496822608897187,1.9828105427852948e-05,0.011103739039597651
1858,READ,9371.929007034292,0.00010670161919167651,2.0137075069540865e-05,0.011276762038942885
1859,READ,9019.053465015058,0.00011087638008567126,2.0878889624162425e-05,0.011692178189530958
1860,READ,8699.624432246503,0.00011494749087022027,2.1599148158050882e-05,0.012095522968508493
1861,READ,8454.207840822126,0.0001182842933162092,2.218719642720811e-05,0.01242482999923654
1862,READ,8479.148737046755,0.00011793636731843614,2.2125977325752407e-05,0.012390547302421348
1863,READ,7872.32574901214,0.00012702726384581904,2.3718248790783533e-05,0.013282219322838778
1864,READ,912629.2270900147,1.0957352343279356e-06,-2.1928160062817406e-07,-0.00012279769635177747
1865,READ,40934.28186617324,2.4429401333320265e-05,4.8199412305781585e-06,0.002699167089123769
1866,READ,65173.78466032211,1.534359259956866e-05,3.0425754584723157e-06,0.0017038422567444969
1867,READ,87724.27675510681,1.1399353029625128e-05,2.265409055281534e-06,0.001268629070957659
1868,READ,153185.7484429181,6.5280224183036975e-06,1.3008489797313319e-06,0.0007284754286495459
1869,READ,42687.91893153349,2.3425831594271086e-05,4.624499974591226e-06,0.0025897199857710866
1870,READ,2160150.041936693,4.6293080600245956e-07,9.256216526893887e-08,5.1834812550605765e-05
1871,READ,28603.05889842129,3.496129569747499e-05,6.857991155750358e-06,0.0038404750472202007
1872,READ,22614.478281961758,4.421945921244804e-05,8.630183496112331e-06,0.004832902757822905
1873,READ,26210.018954580515,3.8153348982040245e-05,7.471044392584517e-06,0.00418378485984733
1874,READ,23202.465130354583,4.3098868778893315e-05,8.416635180855733e-06,0.00471331570127921
1875,READ,23469.145172171557,4.2609136066265675e-05,8.32322575634619e-06,0.004661006423553866
1876,READ,19259.995821021854,5.1921091224148786e-05,1.0090819483820087e-05,0.0056508589109392484
1877,READ,18685.519899829807,5.351737630854511e-05,1.0392028952242992e-05,0.005819536213256075
1878,READ,18265.351281844636,5.47484679910853e-05,1.0623971739262156e-05,0.005949424173986808
1879,READ,18764.08383667307,5.329330271087208e-05,1.0349779150742547e-05,0.005795876324415826
1880,READ,31028.34365126667,3.222859754420623e-05,6.331449417164364e-06,0.003545611673612044
1881,READ,15512.906800889275,6.446245135326121e-05,1.2443299925619831e-05,0.006968247958347105
1882,READ,365480.0794525812,2.7361272370789883e-06,5.463882542564826e-07,0.0003059774223836302
1883,READ,13108.71380110499,7.628513484791358e-05,1.4631954616229645e-05,0.008193894585088601
1884,READ,12148.15786554912,8.231700732469846e-05,1.5737922216262776e-05,0.008813236441107155
1885,READ,11808.436708584522,8.468521487463433e-05,1.617019229772075e-05,0.00905530768672362
1886,READ,10797.467388108236,9.26143107504402e-05,1.7609559698970276e-05,0.009861353431423355
1887,READ,10363.172303173058,9.649554892509256e-05,1.830969927499013e-05,0.010253431593994472
1888,READ,42628.86660205375,2.345828260777223e-05,4.630823073983828e-06,0.0025932609214309437
1889,READ,9901.23929023016,0.00010099745806433837,1.9118193786732486e-05,0.010706188520570191
1890,READ,10489.792538486383,9.533077001580951e-05,1.8099887333033704e-05,0.010135936906498874
1891,READ,8868.87992736229,0.00011275380974713589,2.1211427183371675e-05,0.011878399222688138
1892,READ,9116.425054999383,0.00010969212097582123,2.0668790267400336e-05,0.011574522549744188
1893,READ,8383.191559650973,0.00011928631152997702,2.2363380977138033e-05,0.012523493347197299
1894,READ,8359.805586831917,0.0001196200066632131,2.2422013355902616e-05,0.012556327479305464
1895,READ,8022.397758292316,0.00012465101209502538,2.33035109339648e-05,0.013049966123020288
1896,READ,406796.1068185192,2.458233948748488e-06,-4.923245291176136e-07,-0.0002757017363058636
1897,READ,91851.21571883812,1.0887172174846958e-05,2.1642394642713245e-06,0.0012119740999919418
1898,READ,46961.600294226766,2.129399325693199e-05,4.208612478572135e-06,0.0023568229880003956
1899,READ,66420.24636487354,1.5055650268241879e-05,2.9859549770913656e-06,0.0016721347871711647
1900,READ,46861.20746282992,2.1339612317783212e-05,4.217522300687211e-06,0.0023618124883848382
1901,READ,56844.576667127774,1.759182772801407e-05,3.484042764738796e-06,0.0019510639482537256
1902,READ,141567.0145198104,7.06379239112981e-06,1.407192015365404e-06,0.0007880275286046263
1903,READ,41549.4750297679,2.4067692775505716e-05,4.749524895729919e-06,0.0026597339416087546
1904,READ,67447.98728997767,1.4826239302007956e-05,2.940831040142751e-06,0.0016468653824799407
1905,READ,24779.93470701425,4.035523143315379e-05,7.892680163245992e-06,0.004419900891417756
1906,READ,22312.077145585547,4.481877655204551e-05,8.74428670063319e-06,0.004896800552354586
1907,READ,20061.745843504337,4.9846110493109627e-05,9.698499899948975e-06,0.005431159943971426
1908,READ,36056.46815081278,2.7734274910601803e-05,5.462023239823598e-06,0.003058733014301215
1909,READ,17256.53319386442,5.794906710204986e-05,1.1225528436075048e-05,0.0062862959242020264
1910,READ,123922.07206304793,8.069587470190372e-06,1.6066570606143478e-06,0.0008997279539440348
1911,READ,21432.35550999014,4.665842723324908e-05,9.094069069097624e-06,0.00509267867869467
1912,READ,62585.00719914014,1.59782677154304e-05,3.1673129653665388e-06,0.0017736952606052618
1913,READ,16049.23236952698,6.230827599572434e-05,1.2041495690489632e-05,0.006743237586674194
1914,READ,21370.668890522185,4.67931071845625e-05,9.119648880679347e-06,0.005107003373180434
1915,READ,13056.557482518938,7.658986691850989e-05,1.4688000271490196e-05,0.00822528015203451
1916,READ,11936.150039813188,8.377910772439074e-05,1.600492946729935e-05,0.008962760501687634
1917,READ,11461.225088191328,8.725070769531566e-05,1.6637239427158194e-05,0.009316854079208589
1918,READ,16092.15844593486,6.214206772570128e-05,1.2010455019951134e-05,0.006725854811172635
1919,READ,11641.017415180251,8.590314440179161e-05,1.639207561093751e-05,0.009179562342125006
1920,READ,10004.793821355259,9.995208475615933e-05,1.8930800106645516e-05,0.010601248059721489
1921,READ,9589.068475975342,0.00010428541651417147,1.9706242052995873e-05,0.011035495549677688
1922,READ,9693.602382340601,0.00010316082304157205,1.9505339932476082e-05,0.010922990362186606
1923,READ,8993.802531635854,0.00011118767578924297,2.0934073039267112e-05,0.011723080901989582
1924,READ,8925.819742061869,0.0001120345277966592,2.1084102949285788e-05,0.011807097651600042
1925,READ,8548.125441622371,0.00011698471282730818,2.195841518453827e-05,0.012296712503341432
1926,READ,8557.194896525036,0.00011686072504975747,2.1936571749302936e-05,0.012284480179609645
1927,READ,8284.526316969264,0.00012070696159799645,2.2612856000696893e-05,0.01266319936039026
1928,READ,558164.440681361,1.791586720894084e-06,-3.586772009125526e-07,-0.00020085923251102943
1929,READ,708493.0406943099,1.4114464681544632e-06,-2.82512594416908e-07,-0.0001582070528734685
1930,READ,96288.46527902168,1.0385459952053774e-05,2.0650817689655425e-06,0.0011564457906207038
1931,READ,67849.13341444093,1.4738581757437171e-05,2.9235862233241023e-06,0.0016372082850614972
1932,READ,1450428.4507600747,6.894514510357029e-07,-1.3794354922003622e-07,-7.724838756322029e-05
1933,READ,523017.1094627343,1.9119833403294266e-06,3.819876697918075e-07,0.0002139130950834122
1934,READ,141450.9936982099,7.069586249309292e-06,1.4083416698359535e-06,0.000788671335108134
1935,READ,38417.160023478464,2.603003447909358e-05,5.131210172304167e-06,0.0028734776964903334
1936,READ,23927.454384832847,4.179299577450582e-05,8.167447577722777e-06,0.004573770643524755
1937,READ,29224.69015369931,3.421764250504529e-05,6.714859176574636e-06,0.003760321138881796
1938,READ,23423.594726777857,4.2691995471420954e-05,8.33903350512751e-06,0.004669858762871406
1939,READ,20314.761620931156,4.9225288421285624e-05,9.580947731611923e-06,0.005365330729702677
1940,READ,30941.114840705177,3.231945601017682e-05,6.348981647518188e-06,0.0035554297226101854
1941,READ,18455.693144177003,5.418382242205366e-05,1.0517628701914772e-05,0.005889872073072272
1942,READ,17672.944200619233,5.6583667590879486e-05,1.096915549125673e-05,0.006142727075103768
1943,READ,15697.66126599949,6.370375707914912e-05,1.2301892426450699e-05,0.006889059758812392
1944,READ,14522.482132094467,6.885875230584826e-05,1.326041683645784e-05,0.007425833428416391
1945,READ,13931.659555973896,7.177895755938136e-05,1.3801041849451536e-05,0.00772858343569286
1946,READ,75958.28486200102,1.3165120853067881e-05,2.613754351142285e-06,0.0014637024366396796
1947,READ,12330.842905207854,8.109745681519114e-05,1.5514889248956772e-05,0.008688337979415792
1948,READ,12683.387880097922,7.884328772828475e-05,1.5101875880306936e-05,0.008457050492971884
1949,READ,10731.307080927774,9.318529350234055e-05,1.7712741188114653e-05,0.009919135065344207
1950,READ,10820.127696277039,9.242035104115059e-05,1.7574495237468132e-05,0.009841717332982154
1951,READ,9994.21813951162,0.0001000578520541344,1.894976940558618e-05,0.01061187086712826
1952,READ,10623.874610501636,9.412761696297752e-05,1.78828900506628e-05,0.010014418428371167
1953,READ,9371.078537743088,0.00010671130286363367,2.0138799551317565e-05,0.011277727748737837
1954,READ,9518.5113054173,0.0001050584453716903,1.9844200590666404e-05,0.011112752330773187
1955,READ,8975.735496368743,0.00011141148270295662,2.097373611885114e-05,0.011745292226556639
1956,READ,8612.960459579886,0.00011610409738822567,2.1803211829080516e-05,0.01220979862428509
1957,READ,8455.375695374772,0.0001182679559167331,2.2184322290928767e-05,0.012423220482920109
1958,READ,8965.945086262336,0.00011153313904768442,2.0995292140453997e-05,0.011757363598654239
1959,READ,8081.657235876406,0.00012373699735256788,2.314370896009239e-05,0.012960477017651737
1960,READ,167682.86794726306,5.963638457773182e-06,1.1887576718122248e-06,0.0006657042962148459
1961,READ,93972.85474242047,1.0641370880356878e-05,2.1156665642326407e-06,0.0011847732759702788
1962,READ,119167.29363825094,8.391564241071383e-06,1.6704628821251768e-06,0.000935459213990099
1963,READ,50628.65691685707,1.975165965082208e-05,3.9071156003340555e-06,0.002187984736187071
1964,READ,37726.617543358545,2.6506484416492345e-05,5.223757355256193e-06,0.002925304118943468
1965,READ,41922.237817144196,2.3853688449595306e-05,4.70784992214529e-06,0.0026363959564013628
1966,READ,40634.596406264325,2.4609571361359397e-05,4.855005691221839e-06,0.00271880318708423
1967,READ,28713.473671227563,3.482685555395039e-05,6.832123930566425e-06,0.0038259894011171977
1968,READ,48471.758346523326,2.0630569925914927e-05,4.078988939913906e-06,0.0022842338063517875
1969,READ,24033.906330669783,4.160788455449272e-05,8.132095703340563e-06,0.004553973593870715
1970,READ,21649.955297107103,4.61894718153816e-05,9.004970848637884e-06,0.0050427836752372154
1971,READ,23490.738392348016,4.25699687807917e-05,8.315753002561952e-06,0.004656821681434693
1972,READ,32712.42682946867,3.056942259933952e-05,6.0109832392166935e-06,0.0033661506139613484
1973,READ,18752.821168984417,5.332530988211606e-05,1.0355814836684329e-05,0.005799256308543224
1974,READ,29359.155090018252,3.4060925695371515e-05,6.684680747108558e-06,0.0037434212183807924
1975,READ,15690.06814014528,6.373458617693044e-05,1.2307640698804599e-05,0.006892278791330576
1976,READ,247337.52392816902,4.043058182673555e-06,8.06784984500096e-07,0.00045179959132005376
1977,READ,15648.809951540858,6.390262282542036e-05,1.2338968782898674e-05,0.006909822518423258
1978,READ,13592.711641975207,7.356883794341173e-05,1.413156750871858e-05,0.007913677804882405
1979,READ,12302.250093920531,8.128594300762715e-05,1.5549378883134295e-05,0.008707652174555205
1980,READ,35448.247989864154,2.8210138912533382e-05,5.554283009167715e-06,0.0031103984851339203
1981,READ,12301.536898717699,8.129065565004638e-05,1.5550241123977967e-05,0.008708135029427662
1982,READ,10809.900800151905,9.250778693417313e-05,1.7590302986401426e-05,0.009850569672384799
1983,READ,10198.514223382843,9.805349858778748e-05,1.8589927553873066e-05,0.010410359430168917
1984,READ,10195.022335739512,9.808708280063454e-05,1.8595963239926465e-05,0.01041373941435882
1985,READ,9244.445972994432,0.00010817305903688279,2.0398908877756493e-05,0.011423388971543637
1986,READ,9701.313670919324,0.00010307882354093981,1.9490681838018675e-05,0.010914781829290458
1987,READ,9266.45975245581,0.00010791607870902138,2.035321011211758e-05,0.011397797662785845
1988,READ,9073.55747586655,0.00011021035604389526,2.076076262595919e-05,0.011626027070537146
1989,READ,8610.784424670604,0.00011613343810291173,2.1808385274216453e-05,0.012212695753561214
1990,READ,10040.684124866104,9.95948072426126e-05,1.886670686949897e-05,0.010565355846919424
1991,READ,7707.031305533155,0.0001297516463027812,2.4192481267869308e-05,0.013547789510006812
1992,READ,361480.79053407477,2.7663987304070465e-06,5.524239401448779e-07,0.00030935740648113164
1993,READ,134504.87406921125,7.434674816954491e-06,1.4807698994892933e-06,0.0008292311437140043
1994,READ,57544.39561729775,1.7377886921439865e-05,3.4420803774862735e-06,0.001927565011392313
1995,READ,50575.993891156264,1.977222636795004e-05,3.911139390889772e-06,0.0021902380588982723
1996,READ,45298.63184956008,2.2075721918513343e-05,4.3612291063567484e-06,0.0024422882995597793
1997,READ,38414.97692442141,2.6031513749635334e-05,5.131497585946782e-06,0.002873638648130198
1998,READ,40654.11522593303,2.4597755834619805e-05,4.852706382355011e-06,0.002717515574118806
1999,READ,30113.52860162112,3.320766600384939e-05,6.520280160706057e-06,0.0036513568899953918
2000,READ,42952.94408364625,2.328129122075095e-05,4.596333440815541e-06,0.002573946726856703
2001,READ,29234.89255003206,3.420570122803148e-05,6.712559867908798e-06,0.0037590335260289267
2002,READ,22294.799355194296,4.485350973867444e-05,8.750897213829412e-06,0.00490050243974447
2003,READ,21784.746722220607,4.590367805286404e-05,8.950649675572788e-06,0.0050123638183207616
2004,READ,14602.01054652163,6.848371988323291e-05,1.3190862741213613e-05,0.007386883135079623
2005,READ,18191.793057824012,5.4969842545010446e-05,1.0665646713531316e-05,0.005972762159577537
2006,READ,18384.768141211905,5.439285349258046e-05,1.0557004367075138e-05,0.005911922445562077
2007,READ,15120.302115894014,6.613624465537825e-05,1.2754856285407547e-05,0.007142719519828226
2008,READ,14156.927795733722,7.063679453824411e-05,1.3589792841001628e-05,0.007610283990960912
2009,READ,13618.087300553298,7.343175131204882e-05,1.4106275110338405e-05,0.007899514061789507
2010,READ,12305.103665908691,8.12670926755783e-05,1.554592991970839e-05,0.008705720755036698
2011,READ,11632.67988976141,8.59647140191795e-05,1.640328474201529e-05,0.009185839455528562
2012,READ,11434.908672138674,8.745150736852976e-05,1.6673740956823835e-05,0.009337294935821349
2013,READ,11284.033301370713,8.862079482506723e-05,1.6886139620770397e-05,0.009456238187631423
2014,READ,10692.962171174146,9.351945550651795e-05,1.7773098048114367e-05,0.009952934906944046
2015,READ,10365.744880449862,9.647160059727431e-05,1.8305388070874038e-05,0.010251017319689462
2016,READ,10096.529275582785,9.904393606012485e-05,1.8767836584305016e-05,0.01050998848721081
2017,READ,9863.005857476108,0.00010138896949371728,1.918832270985879e-05,0.010745460717520923
2018,READ,9528.739728828103,0.00010494567261341134,1.9824081637125532e-05,0.011101485716790298
2019,READ,9041.125305899275,0.0001106057007469531,2.0830891549463774e-05,0.011665299267699714
2020,READ,9249.283303135395,0.00010811648505360541,2.0388849401064084e-05,0.011417755664595887
2021,READ,8595.340122512594,0.00011634210929953048,2.184517421785439e-05,0.012233297561998459
2022,READ,10075.518527788932,9.925047502438066e-05,1.8804912941238508e-05,0.010530751247093564
2023,READ,8679.093127948387,0.00011521941120550986,2.164714623289132e-05,0.012122401890419139