1000,READ,32486.471314536226,3.0782044326019036e-05,6.052083385738844e-06,0.0033891666960137526
1001,READ,374961.69269139395,2.666939102024573e-06,5.325924011648543e-07,0.0002982517446523184
1002,READ,150122.85341934304,6.661210983025133e-06,1.327291031869497e-06,0.0007432829778469184
1003,READ,149281.74120645167,6.698742873162454e-06,-1.344793292342948e-06,-0.0007530842437120509
1004,READ,62959.6677139759,1.5883184208388354e-05,3.148631080700617e-06,0.0017632334051923455
1005,READ,52963.45823564563,1.8880942319717654e-05,3.73667932889291e-06,0.0020925404241800296
1006,READ,70467.61749652364,1.4190915423660133e-05,2.8158061194969513e-06,0.0015768514269182928
1007,READ,32132.48601711289,3.1121152576474386e-05,6.117613689436465e-06,0.00342586366608442
1008,READ,35261.03377620188,2.835991724879356e-05,5.5833117840633716e-06,0.003126654599075488
1009,READ,33673.26042887229,2.9697153981043523e-05,5.842271448714253e-06,0.0032716720112799815
1010,READ,23549.902669343457,4.246302050758661e-05,8.295346635899391e-06,0.004645394116103659
1011,READ,23070.12889641454,4.334609505174528e-05,8.463771013553233e-06,0.00473971176758981
1012,READ,22096.858211272196,4.525530238004032e-05,8.827349235053976e-06,0.004943315571630226
1013,READ,19139.361327243114,5.2248347418813416e-05,1.0152613411045525e-05,0.005685463510185494
1014,READ,20009.930959440477,4.997518492327483e-05,9.722930057196469e-06,0.005444840832030022
1015,READ,17502.56519750155,5.7134482215369644e-05,1.107262439266735e-05,0.006200669659893716
1016,READ,15928.020225849537,6.278244162304007e-05,1.2130019084186021e-05,0.006792810687144172
1017,READ,13531.380040829337,7.390229207831119e-05,1.4193074022594394e-05,0.00794812145265286
1018,READ,14632.133273977184,6.834273453334863e-05,1.3164708102092732e-05,0.00737223653717193
1019,READ,12858.318204881605,7.777066829940126e-05,1.4904997552319164e-05,0.008346798629298732
1020,READ,13050.431942116256,7.662581625155314e-05,1.4694610784623081e-05,0.008228982039388925
1021,READ,12725.867011319051,7.858010767443568e-05,1.505359039267875e-05,0.0084300106199001
1022,READ,12838.166332606579,7.78927437215223e-05,1.4927415814600543e-05,0.008359352856176304
1023,READ,10759.409049948714,9.294190743726456e-05,1.7668766904479538e-05,0.009894509466508541
1024,READ,10448.015427636426,9.571195667981725e-05,1.8168579188023794e-05,0.010174404345293325
1025,READ,9996.139415610998,0.00010003862075375792,1.8946320442133326e-05,0.010609939447594663
1026,READ,9580.342617339216,0.00010438040057044784,1.9723199456595795e-05,0.011044991695693646
1027,READ,9270.06889752495,0.00010787406340280746,2.0345737357991125e-05,0.01139361292047503
1028,READ,9038.07943379501,0.0001106429753494774,2.0837502062735218e-05,0.011669001155131722
1029,READ,8686.090576181077,0.00011512659132777079,2.163076365650381e-05,0.012113227647642133
1030,READ,11325.50467829565,8.829628598506638e-05,1.6827219828975698e-05,0.009423243104226391
1031,READ,8301.308020035176,0.00012046294362123459,2.2570031370967523e-05,0.012639217567741813
1032,READ,96515.08505864102,1.0361074638150254e-05,-2.0843085061909333e-06,-0.0011672127634669226
1033,READ,115980.01847182144,8.62217486405178e-06,-1.7328016634205258e-06,-0.0009703689315154944
1034,READ,296803.813151583,3.369228950873627e-06,-6.751195843460986e-07,-0.0003780669672338152
1035,READ,57905.65477120384,1.726947055432131e-05,3.420811770306321e-06,0.0019156545913715398
1036,READ,245758.02898979798,4.069043050640321e-06,8.119584295970622e-07,0.00045469672057435483
1037,READ,55880.77610347535,1.7895241793855612e-05,3.5435373821460436e-06,0.0019843809340017843
1038,READ,2168704.2363121584,4.6110483082768424e-07,-9.22447854946146e-08,-5.1657079876984174e-05
1039,READ,41200.73294282323,2.4271412874808827e-05,4.789187974115069e-06,0.0026819452655044386
1040,READ,23753.766605836954,4.209858657760292e-05,8.225792541415054e-06,0.00460644382319243
1041,READ,32417.562677285117,3.084747641131876e-05,6.0647295846930384e-06,0.0033962485674281016
1042,READ,35758.33905423062,2.7965504731173707e-05,5.506859763089925e-06,0.003083841467330358
1043,READ,20701.27161227516,4.830621126709113e-05,9.406775081342283e-06,0.005267794045551678
1044,READ,24815.04814104057,4.0298128551527644e-05,7.881758445869829e-06,0.004413784729687104
1045,READ,19256.60923941653,5.193022237544763e-05,1.0092543965704634e-05,0.005651824620794595
1046,READ,20845.153992813717,4.797278064459231e-05,9.34354408602458e-06,0.005232384688173765
1047,READ,17286.691169890764,5.784797045149729e-05,1.1206559137271391e-05,0.006275673116871979
1048,READ,142025.47039071872,7.04099058604737e-06,-1.4137725584032104e-06,-0.0007917126327057979
1049,READ,14969.826260137372,6.680104248523346e-05,1.2878444140316536e-05,0.0072119287185772605
1050,READ,286032.39394730964,3.49610750796363e-06,6.97855226530437e-07,0.00039079892685704476
1051,READ,14399.915821776753,6.944485039889724e-05,1.3369059183398967e-05,0.007486673142703422
1052,READ,15089.270204292967,6.627225746911838e-05,1.278014868355556e-05,0.007156883262791114
1053,READ,11325.09867669172,8.829945138209774e-05,1.6827794656196416e-05,0.009423565007469993
1054,READ,13712.598089350178,7.292564060319431e-05,1.4012865684856252e-05,0.007847204783519501
1055,READ,11023.777098099616,9.071300980608449e-05,1.7265525597243332e-05,0.009668694334456265
1056,READ,11698.189147205097,8.548331604288665e-05,1.6315623588301424e-05,0.009136749209448798
1057,READ,10651.804992233734,9.388080243011426e-05,1.7838340939620097e-05,0.009989470926187254
1058,READ,12024.512281179599,8.316345616488492e-05,1.589255074263817e-05,0.008899828415877376
1059,READ,9131.923928124737,0.0001095059494440349,2.0635737701120962e-05,0.011556013112627739
1060,READ,10122.704736488071,9.878782657716201e-05,1.8721850405251378e-05,0.010484236226940771
1061,READ,8815.650366668764,0.00011343462574025353,2.1331853490507394e-05,0.011945837954684142
1062,READ,11159.1662049098,8.961242996452736e-05,1.706606054586111e-05,0.009556993905682222
1063,READ,8074.15152044485,0.0001238520230228358,2.3163827913654173e-05,0.012971743631646337
1064,READ,231932.1993322802,4.311604869349508e-06,8.602439160298793e-07,0.0004817365929767324
1065,READ,198026.39273298872,5.049831924921049e-06,-1.0128305745192662e-06,-0.0005671851217307891
1066,READ,193750.2679381499,5.161283185008167e-06,-1.0352488359508371e-06,-0.0005797393481324688
1067,READ,64895.541241166175,1.540937914800308e-05,3.0555090708533686e-06,0.0017110850796778865
1068,READ,251467.57489993816,3.976655838821015e-06,7.935639585446373e-07,0.0004443958167849969
1069,READ,58083.03167450584,1.7216732170661233e-05,3.4104648802962035e-06,0.001909860332965874
1070,READ,37690.83969387088,2.6531645570173264e-05,5.22864338667177e-06,0.0029280402965361912
1071,READ,46454.31116157372,2.1526527355488685e-05,4.254023829311495e-06,0.002382253344414437
1072,READ,37203.02713818747,2.6879533116635518e-05,5.296185585655873e-06,0.0029658639279672885
1073,READ,29822.905513150985,3.353127345553339e-05,6.58264891464813e-06,0.0036862833922029527
1074,READ,29970.873871647796,3.3365727148382946e-05,6.550746003563563e-06,0.0036684177619955953
1075,READ,20690.233896448302,4.833198140750166e-05,9.411661112747912e-06,0.005270530223138831
1076,READ,37585.99721401116,2.6605653012373023e-05,5.243014067188662e-06,0.002936087877625651
1077,READ,16768.926241900423,5.963411047162373e-05,1.1541395999274938e-05,0.006463181759593965
1078,READ,22877.52259127924,4.3711026664276725e-05,8.533325108107505e-06,0.0047786620605402026
1079,READ,16128.900499743562,6.200050648312321e-05,1.1984012967365535e-05,0.0067110472617247
1080,READ,134612.83422362246,7.428712171224128e-06,-1.4919490599233934e-06,-0.0008354914735571004
1081,READ,14280.591409215558,7.002511109971815e-05,1.3476551876214721e-05,0.007546869050680244
1082,READ,17139.614473142643,5.8344369505333716e-05,1.1299681148619343e-05,0.006327821443226832
1083,READ,12929.852669476033,7.734040174802114e-05,1.482595880773013e-05,0.008302536932328873
1084,READ,14455.11482825605,6.917966490624177e-05,1.3319911455064728e-05,0.007459150414836248
1085,READ,11690.635958196235,8.553854585634462e-05,1.632568306514658e-05,0.009142382516482086
1086,READ,13224.329958435343,7.561819790817716e-05,1.4509229001559826e-05,0.008125168240873502
1087,READ,11082.890806147234,9.022916651360854e-05,1.7177864443631445e-05,0.00961960408843361
1088,READ,12899.58533198094,7.752187177062023e-05,1.4859298787220857e-05,0.00832120732084368
1089,READ,9772.774840616521,0.00010232508333701817,1.9355884850391912e-05,0.01083929551621947
1090,READ,12488.44611338534,8.007401328562262e-05,1.5327495570130475e-05,0.008583397519273067
1091,READ,9022.087271703553,0.00011083909630716526,2.0872279110900122e-05,0.011688476302104069
1092,READ,10112.055462476832,9.889186265945e-05,1.874053229044809e-05,0.010494698082650931
1093,READ,9224.8690798355,0.00010840262244868978,2.043972161182583e-05,0.011446244102622466
1094,READ,11603.907006968957,8.617787090153603e-05,1.6442085580349786e-05,0.00920756792499588
1095,READ,7918.249615922368,0.00012629053749317975,2.358977490169609e-05,0.013210273944949811
1096,READ,322637.59599480766,3.0994527990968956e-06,6.188164840285914e-07,0.0003465372310560112
1097,READ,103195.19543422239,9.690373624394263e-06,-1.948649283063698e-06,-0.001091243598515671
1098,READ,49190.38800569333,2.0329174876283947e-05,4.020069149553415e-06,0.0022512387237499125
1099,READ,288172.87175189814,3.470139274112339e-06,6.926817815598622e-07,0.00038790179767352284
1100,READ,128445.2923658861,7.785415732882016e-06,1.550323993164234e-06,0.000868181436171971
1101,READ,46397.20510753864,2.155302237887427e-05,4.259197274240912e-06,0.0023851504735749106
1102,READ,41567.320131475935,2.4057360369565227e-05,4.74751300049033e-06,0.0026586072802745847
1103,READ,33761.0594409897,2.9619923561577813e-05,5.827325940910194e-06,0.0032633025269097086
1104,READ,36016.050611247134,2.776539856615258e-05,5.468058925380533e-06,0.0030621129982130986
1105,READ,25446.64918964928,3.9297904904774715e-05,7.690340979398475e-06,0.0043065909484631465
1106,READ,29856.106444536505,3.349398562259595e-05,6.575463574363083e-06,0.0036822596016433265
1107,READ,25638.5581268656,3.90037534502434e-05,7.63400791110362e-06,0.004275044430218027
1108,READ,49190.388006782196,2.0329174875833945e-05,4.02006914946543e-06,0.0022512387237006407
1109,READ,18494.224340680594,5.407093488102457e-05,1.0496360094438579e-05,0.005877961652885604
1110,READ,21757.514555359146,4.596113207028454e-05,8.961571392902873e-06,0.005018479980025609
1111,READ,16276.689755724692,6.143755364313489e-05,1.1878819583997942e-05,0.006652138967038848
1112,READ,19199.213914598175,5.2085465813766845e-05,1.0121860154175432e-05,0.0056682416863382415
1113,READ,13778.474716255116,7.257697390990985e-05,1.3948485034692412e-05,0.007811151619427751
1114,READ,136259.75592909148,7.338924051209898e-06,-1.4738420023725612e-06,-0.0008253515213286342
1115,READ,13551.097036375182,7.379476342879858e-05,1.4173242483163834e-05,0.007937015790571747
1116,READ,14545.072435641185,6.87518061133614e-05,1.324058529690264e-05,0.0074147277662654784
1117,READ,11336.477216755655,8.821082430457055e-05,1.681169949355335e-05,0.009414551716389876
1118,READ,197356.2480279516,5.066979181010625e-06,-1.016279537867985e-06,-0.0005691165412060716
1119,READ,11466.626947265424,8.720960441104098e-05,1.6629766673312783e-05,0.009312669337055159
1120,READ,10607.362291598383,9.427414398696037e-05,1.7909332103469712e-05,0.010029225977943038
1121,READ,10183.39906345822,9.819903882470517e-05,1.8616082193229215e-05,0.01042500602820836
1122,READ,12257.472732353075,8.158288595336156e-05,1.5603700056655656e-05,0.008738072031727167
1123,READ,9587.144539509289,0.00010430634438428778,1.9709978430017705e-05,0.011037587920809914
1124,READ,9952.920374085472,0.00010047302323483979,1.9024209532967016e-05,0.010653557338461529
1125,READ,8878.47173364762,0.00011263199681204157,2.1189871161769892e-05,0.01186632785059114
1126,READ,11124.336373002225,8.989300273469896e-05,1.7116932756413886e-05,0.009585482343591776
1127,READ,8084.985366297033,0.00012368606184107484,2.3134799137973256e-05,0.012955487517265024
1128,READ,5996.99327183369,0.00016675022876826268,3.0501785148861252e-05,0.0170809996833623
1129,READ,83688.13383510849,1.194912533203703e-05,-2.405924333592241e-06,-0.0013473176268116549
1130,READ,6054271.811156536,1.6517263036609053e-07,-3.303758193963165e-08,-1.8501045886193724e-05
1131,READ,1047049.9666912209,9.550642584518642e-07,-1.911150669053785e-07,-0.00010702443746701197
1132,READ,57602.67459775706,1.7360305002902383e-05,3.438631414101315e-06,0.0019256335918967364
1133,READ,109127.19323835975,9.163618804121188e-06,1.8233669227489735e-06,0.0010210854767394252
1134,READ,37686.63493066377,2.653460575187489e-05,5.2292182139049435e-06,0.002928362199786768
1135,READ,29498.734419801032,3.389975941912782e-05,6.6536400770170505e-06,0.0037260384431295483
1136,READ,47996.18862847225,2.0834987705810895e-05,4.118939431805497e-06,0.0023066060818110784
1137,READ,30175.850999198297,3.313908197739205e-05,6.507059134468629e-06,0.0036439531153024322
1138,READ,36966.79250364955,2.705130557110885e-05,5.32952556444971e-06,0.0029845343160918372
1139,READ,23328.908727167,4.286527122614523e-05,8.372086070744435e-06,0.004688368199616884
1140,READ,22167.898963159056,4.511027416995653e-05,8.799757528145975e-06,0.004927864215761746
1141,READ,19553.892301413518,5.114071329561898e-05,9.943376299471627e-06,0.005568290727704111
1142,READ,19844.662434178146,5.039138374446299e-05,9.801681387534092e-06,0.005488941577019091
1143,READ,17340.40470819337,5.766878090956541e-05,1.117293174430051e-05,0.006256841776808285
1144,READ,18999.272754367194,5.2633593555318525e-05,1.0225329055516341e-05,0.005726184271089152
1145,READ,13637.178841293146,7.332894960444583e-05,1.4087305811651173e-05,0.007888891254524657
1146,READ,87717.5423781923,1.1400228197097924e-05,-2.2946952672456494e-06,-0.0012850293496575636
1147,READ,13235.807778955153,7.555262336084945e-05,1.449715762965982e-05,0.0081184082726095
1148,READ,14714.501574405405,6.796016806572728e-05,1.3093716939027876e-05,0.007332481485855611
1149,READ,11884.30440604763,8.414459659003051e-05,1.6071609426622904e-05,0.009000101278908827
1150,READ,13285.215715028404,7.527164191009615e-05,1.4445423178413057e-05,0.008089436979911312
1151,READ,11511.901754889843,8.686662041527898e-05,1.6567397917978254e-05,0.009277742834067822
1152,READ,13232.526451757081,7.5571358473817e-05,1.4500606592965516e-05,0.008120339692060689
1153,READ,9636.807416988426,0.00010376880607130649,1.9613982281041154e-05,0.010983830077383046
1154,READ,12596.005090690129,7.939025054373097e-05,1.5202183232775608e-05,0.00851322261035434
1155,READ,9153.299178003204,0.0001092502255802099,2.059032634894241e-05,0.01153058275540775
1156,READ,10428.54638285005,9.589064125413678e-05,1.8200769513258122e-05,0.01019243092742455
1157,READ,9017.075930205796,0.00011090069638319849,2.088320082847065e-05,0.011694592463943564
1158,READ,10967.360777924907,9.117963931785658e-05,1.7350025201172104e-05,0.009716014112656378
1159,READ,8211.612619488162,0.00012177875970753367,2.280082450924176e-05,0.012768461725175385
1160,READ,121098.29172784448,8.257754801755533e-06,-1.6592237797061776e-06,-0.0009291653166354594
1161,READ,429852.8149492003,2.3263776930672868e-06,-4.6588247703066426e-07,-0.000260894187137172
1162,READ,112850.96793022614,8.861244332598753e-06,-1.781087149629642e-06,-0.0009974088037925995
1163,READ,114805.15352590448,8.710410371729187e-06,-1.7506213071406226e-06,-0.0009803479319987487
1164,READ,49664.370432430704,2.0135159094798526e-05,3.98213055291693e-06,0.002229993109633481
1165,READ,47736.69299964725,2.094824624754357e-05,4.141070279935331e-06,0.0023189993567637856
1166,READ,26947.60305158456,3.7109051891767366e-05,7.270717104101847e-06,0.004071601578297035
1167,READ,34802.30440017986,2.8733729482431395e-05,5.655740014470968e-06,0.003167214408103742
1168,READ,44235.86294721549,2.2606092282934583e-05,4.464698006502674e-06,0.002500230883641497
1169,READ,21969.2224190609,4.5518224583696767e-05,8.877359203963894e-06,0.004971321154219781
1170,READ,28463.1796652509,3.513310922253862e-05,6.891043721148775e-06,0.003858984483843314
1171,READ,22283.545287696124,4.487616252662231e-05,8.755208418008697e-06,0.0049029167140848704
1172,READ,20664.955329934885,4.839110387775278e-05,9.422870243591396e-06,0.005276807336411182
1173,READ,18179.67331515529,5.5006488987145915e-05,1.0672544640266193e-05,0.005976624998549068
1174,READ,19904.67076099617,5.023946449591779e-05,9.772940026046357e-06,0.005472846414585959
1175,READ,15547.880213890045,6.431744946855378e-05,1.24162830455827e-05,0.006953118505526312
1176,READ,114636.59365352684,8.723218024275572e-06,-1.7532080297509542e-06,-0.0009817964966605344
1177,READ,14807.94309650082,6.753132379582849e-05,1.3014103367257958e-05,0.0072878978856644565
1178,READ,105501.44853235238,9.478542843829737e-06,-1.9058246555300982e-06,-0.001067261807096855
1179,READ,12451.604051456226,8.031093792153221e-05,1.5370895026398878e-05,0.008607701214783372
1180,READ,328032.1623462796,3.0484815660983053e-06,-6.107389359969889e-07,-0.0003420138041583138
1181,READ,12876.454900610192,7.766112705078568e-05,1.48848785992589e-05,0.008335532015584984
1182,READ,14466.463128453926,6.912539652025318e-05,1.3309851978492695e-05,0.007453517107955909
1183,READ,11298.970035769182,8.850364208722539e-05,1.6864871012976452e-05,0.009444327767266813
1184,READ,13171.831231666125,7.591958797618974e-05,1.4564699829604111e-05,0.008156231904578303
1185,READ,9726.797800135972,0.00010280875788186128,1.944239634975195e-05,0.010887741955861091
1186,READ,12948.183390233513,7.723091107546983e-05,1.4805839854424915e-05,0.008291270318477952
1187,READ,8914.325230685141,0.00011217898989794223,2.110968276160147e-05,0.011821422346496824
1188,READ,10889.407912633345,9.183235746360921e-05,1.7468152198448515e-05,0.009782165231131169
1189,READ,8979.526518853374,0.00011136444643271607,2.0965401123916523e-05,0.011740624629393253
1190,READ,11114.339046480382,8.9973861317167e-05,1.7131590850986694e-05,0.009593690876552548
1191,READ,8043.7266678557135,0.00012432048493097027,2.3245740795929487e-05,0.013017614845720513
1192,READ,3933137.8613714706,2.5424992340627075e-07,-5.0857225730872324e-08,-2.8480046409288503e-05
1193,READ,162956.67211531065,6.136600527116709e-06,-1.2315523304442403e-06,-0.0006896693050487745
1194,READ,87925.45250709335,1.1373271009544426e-05,-2.289234408575423e-06,-0.0012819712688022368
1195,READ,181305.63542446902,5.515548359315035e-06,-1.106527410912653e-06,-0.0006196553501110857
1196,READ,107794.9709365567,9.276870630528352e-06,1.8457851843004297e-06,0.0010336397032082406
1197,READ,48358.01197684155,2.0679096578223598e-05,4.0884735891287386e-06,0.002289545209912094
1198,READ,43462.20378990491,2.3008497333314536e-05,4.543161922435688e-06,0.0025441706765639855
1199,READ,39988.86988519192,2.5006958257910285e-05,4.932319952843821e-06,0.0027620991735925397
1200,READ,32742.68165261252,3.054117590640932e-05,6.0055223806371905e-06,0.0033630925331568267
1201,READ,31612.527251775595,3.1633029274615576e-05,6.216483972018768e-06,0.0034812310243305103
1202,READ,29789.776983480933,3.356856281785934e-05,6.589834255087209e-06,0.003690307182848837
1203,READ,20215.666799028015,4.946658499773457e-05,9.626646496340468e-06,0.005390922037950662
1204,READ,228715.13693745495,4.372251060381118e-06,-8.765965241222106e-07,-0.000490894053508438
1205,READ,17710.284177788963,5.646436781935618e-05,1.094673722936058e-05,0.006130172848441925
1206,READ,21050.5633691756,4.7504666856769394e-05,9.25473327943276e-06,0.0051826506364823464
1207,READ,16891.4810612497,5.920143984852066e-05,1.1460345359689376e-05,0.00641779340142605
1208,READ,18806.031859812992,5.3174428686198345e-05,1.0327360888785159e-05,0.005783322097719689
1209,READ,13774.044343103998,7.260031803953441e-05,1.395279623899158e-05,0.007813565893835285
1210,READ,16817.827826216373,5.946071099866748e-05,1.1508918260674554e-05,0.00644499422597775
1211,READ,12784.210934296676,7.822148782896431e-05,1.4987772674214047e-05,0.008393152697559867
1212,READ,14960.820259764334,6.684125486684726e-05,1.2885916894384342e-05,0.007216113460855231
1213,READ,12026.78857680855,8.314771591880446e-05,1.5889676606509833e-05,0.008898218899645507
1214,READ,12748.226924798659,7.844228110300866e-05,1.5028297994176699e-05,0.008415846876738952
1215,READ,10203.673060802246,9.80039240811756e-05,1.8581017731608198e-05,0.01040536992970059
1216,READ,10890.915180911195,9.18196481552558e-05,1.7465852889505483e-05,0.00978087761812307
1217,READ,10042.460810547396,9.957718719197988e-05,1.886354531969019e-05,0.010563585379026507
1218,READ,11715.055521288637,8.536024419028973e-05,1.629320532629281e-05,0.009124194982723974
1219,READ,9175.994738689003,0.0001089800101762997,2.0542328274401976e-05,0.011503703833665106
1220,READ,10348.95924462604,9.662807402776037e-05,1.8333554605451827e-05,0.010266790579053022
1221,READ,8649.014711434325,0.0001156201062622731,2.1717849983633e-05,0.01216199599083448
1222,READ,11706.184080794457,8.542493378697438e-05,1.630498928457679e-05,0.009130793999363002
1223,READ,8328.359729084326,0.00012007166267179798,2.25013395154973e-05,0.012600750128678489
1224,READ,133131.57273760048,7.511366232944449e-06,-1.5086190490917756e-06,-0.0008448266674913943
1225,READ,82378.849572309,1.2139038177781766e-05,2.411415169505492e-06,0.0013503924949230756
1226,READ,97911.19608303065,1.0213336574419743e-05,-2.0544174909717635e-06,-0.0011504737949441877
1227,READ,196620.7858647338,5.085932271107668e-06,1.0142976108087945e-06,0.0005680066620529249
1228,READ,44235.86294786089,2.2606092282604762e-05,4.464698006438348e-06,0.0025002308836054752
1229,READ,45190.09108073422,2.212874495458425e-05,4.371575996363903e-06,0.0024480825579637857
1230,READ,70301.26042054076,1.4224496033471088e-05,2.8224166323469096e-06,0.0015805533141142695
1231,READ,27531.712245829098,3.632175111635109e-05,7.119537543664499e-06,0.003986941024452119
1232,READ,41955.9805539046,2.3834504325675587e-05,4.704113544939335e-06,0.0026343035851660278
1233,READ,25152.59386001391,3.9757331015857586e-05,7.778289545148668e-06,0.004355842145283255
1234,READ,54957.66209084014,1.819582496699166e-05,3.602457172507594e-06,0.0020173760166042527
1235,READ,18609.704323791215,5.373540506613904e-05,1.0433129099011881e-05,0.005842552295446653
1236,READ,20745.537378238678,4.820313794565592e-05,9.387230955473508e-06,0.005256849335065164
1237,READ,18943.35630704875,5.278895586353427e-05,1.0254645244199204e-05,0.005742601336751554
1238,READ,95287.22745111329,1.049458596655093e-05,-2.111325385335655e-06,-0.0011823422157879668
1239,READ,16499.582644995524,6.0607593629243056e-05,1.1723616231530176e-05,0.006565225089656898
1240,READ,17318.329319383764,5.774229035365075e-05,1.1186727597816375e-05,0.00626456745477717
1241,READ,14022.76759037614,7.131259885433048e-05,1.371481776422121e-05,0.0076802979479638775
1242,READ,18453.095304741666,5.419145045780164e-05,1.0519065769902395e-05,0.005890676831145341
1243,READ,13313.647554064019,7.511089623930656e-05,1.4415819575971125e-05,0.00807285896254383
1244,READ,15987.617296138596,6.254840740036507e-05,1.2086332214527962e-05,0.006768346040135659
1245,READ,11833.10791639821,8.450865208574743e-05,1.613800197248066e-05,0.00903728110458917
1246,READ,14683.04987525125,6.810574155206896e-05,1.312073381880891e-05,0.007347610938532989
1247,READ,10945.06194898608,9.13654033810779e-05,1.7383652594554316e-05,0.009734845452950417
1248,READ,11254.272428658564,8.885514424313555e-05,1.692867683623483e-05,0.009480059028291504
1249,READ,9972.970732688678,0.00010027102523446426,1.8987995417029646e-05,0.010633277433536602
1250,READ,12310.338504480103,8.123253472161385e-05,1.5539606820005626e-05,0.00870217981920315
1251,READ,9324.806801587025,0.00010724082774881793,2.0233071218740423e-05,0.011330519882494637
1252,READ,10430.281890049073,9.587468589454347e-05,1.819789537710456e-05,0.010190821411178554
1253,READ,8803.665085417884,0.00011358905527385052,2.1359157784430127e-05,0.01196112835928087
1254,READ,10849.422311022365,9.217080608836285e-05,1.7529371299262442e-05,0.009816447927586968
1255,READ,8758.024787843191,0.00011418099676859519,2.146377634248527e-05,0.012019714751791751
1256,READ,157925.3273803903,6.332106550530226e-06,-1.2709279949359575e-06,-0.0007117196771641363
1257,READ,155749.4211074403,6.4205696104011324e-06,-1.2887476386778746e-06,-0.0007216986776596097
1258,READ,104684.89939039834,9.552476105180455e-06,-1.92077016324534e-06,-0.0010756312914173903
1259,READ,309427.0107133136,3.2317799202297417e-06,-6.475278778983537e-07,-0.0003626156116230781
1260,READ,75840.66850039201,1.318553778300136e-05,2.6177781415482484e-06,0.0014659557592670192
1261,READ,36827.67035274966,2.7153496010516374e-05,5.349357103906612e-06,0.0029956399781877027
1262,READ,51265.319799670186,1.9506364222591536e-05,3.859117527361072e-06,0.0021611058153222003
1263,READ,55639.18762211841,1.7972943940009416e-05,3.5587703036704694e-06,0.001992911370055463
1264,READ,35678.90117778368,2.8027768989216347e-05,5.518931134772109e-06,0.003090601435472381
1265,READ,23153.877841945352,4.318930966234992e-05,8.433879997738621e-06,0.004722972798733628
1266,READ,375697.91361976735,2.661712944757181e-06,-5.331372616277762e-07,-0.0002985568665115547
1267,READ,22480.961104035454,4.448208398974965e-05,8.680193464888559e-06,0.004860908340337593
1268,READ,22817.680872183053,4.382566333544862e-05,8.555168542743633e-06,0.004790894383936434
1269,READ,19216.62239312912,5.203828120999811e-05,1.0112950332180326e-05,0.005663252186020982
1270,READ,20772.970198105857,4.813948079948543e-05,9.37515958362694e-06,0.005250089366831087
1271,READ,17527.44861047043,5.7053369387865535e-05,1.1057391471134539e-05,0.006192139223835342
1272,READ,255459.10689891345,3.914520848911076e-06,-7.84624169276964e-07,-0.0004393895347950998
1273,READ,15406.327066603715,6.490839741859689e-05,1.2526362460551993e-05,0.0070147629779091164
1274,READ,16268.13929639955,6.14698449392623e-05,1.1884855269934142e-05,0.00665551895116312
1275,READ,13887.730895121862,7.200600354023675e-05,1.3843004237262482e-05,0.00775208237286699
1276,READ,13753.405416778305,7.270926506536786e-05,1.3972915192184677e-05,0.00782483250762342
1277,READ,11894.104114096002,8.407526875562446e-05,1.605896322752215e-05,0.008993019407412404
1278,READ,13388.734871079283,7.468965586584871e-05,1.4338217899221208e-05,0.008029402023563876
1279,READ,10514.412092824718,9.51075524881152e-05,1.8059649426409108e-05,0.010113403678789101
1280,READ,10862.719776564529,9.205797632351909e-05,1.7508964932356202e-05,0.009805020362119473
1281,READ,10430.108314587555,9.587628141899538e-05,1.8198182790840472e-05,0.010190982362870664
1282,READ,11999.300579023102,8.333819070656307e-05,1.5924453654214284e-05,0.00891769404636
1283,READ,8874.121031145673,0.00011268721673845566,2.1199643224813722e-05,0.011871800205895684
1284,READ,9664.224613108196,0.00010347441621375781,1.9561385588456805e-05,0.01095437592953581
1285,READ,8752.288704191968,0.00011425582882349884,2.1476997369075243e-05,0.012027118526682137
1286,READ,11141.823761455631,8.975191327827594e-05,1.7091352944382517e-05,0.00957115764885421
1287,READ,8029.707692480792,0.00012453753465227927,2.328367939401184e-05,0.013038860460646631
1288,READ,123266.34299815251,8.112514541094058e-06,-1.629907591680173e-06,-0.0009127482513408968
1289,READ,526552.9658176256,1.899144179061286e-06,-3.802332217297081e-07,-0.00021293060416863652
1290,READ,107946.86306381068,9.26381713759361e-06,-1.8624252007543734e-06,-0.001042958112422449
1291,READ,57910.56741541731,1.7268005558062858e-05,3.4205243567939913e-06,0.0019154936398046352
1292,READ,177134.588641857,5.64542480193899e-06,1.1255266777037285e-06,0.0006302949395140879
1293,READ,55771.120723818516,1.7930426841376415e-05,3.5504353087623535e-06,0.001988243772906918
1294,READ,38169.85199471381,2.619868686256607e-05,5.163975323925786e-06,0.0028918261813984402
1295,READ,33706.97606672268,2.966744919569493e-05,5.836523176441701e-06,0.0032684529788073523
1296,READ,25607.032829540665,3.905177170102991e-05,7.643205146829435e-06,0.004280194882224484
1297,READ,25073.97670847224,3.988198647652529e-05,7.802144874926814e-06,0.004369201129959016
1298,READ,25611.95365528442,3.904426868247412e-05,7.641768078693572e-06,0.0042793901240684
1299,READ,22959.90946605408,4.35541787078249e-05,8.503434092238192e-06,0.0047619230916533875
1300,READ,25130.76012619582,3.979187238978973e-05,7.784900058136785e-06,0.0043595440325566
1301,READ,18216.586273352215,5.4895027256716634e-05,1.0651563446537701e-05,0.005964875530061113
1302,READ,22632.24298304224,4.418475008196379e-05,8.623572982838981e-06,0.004829200870389829
1303,READ,15075.556670315545,6.633254226486013e-05,1.2791357814570459e-05,0.007163160376159457
1304,READ,19078.207447469238,5.241582589734614e-05,1.0184228908620367e-05,0.005703168188827406
1305,READ,13861.08287986425,7.214443551540135e-05,1.3868584049208561e-05,0.007766407067556795
1306,READ,16738.341008610765,5.974307725512142e-05,1.1561802365928852e-05,0.006474609324920157
1307,READ,14194.373026075524,7.045045231395339e-05,1.3555303207160236e-05,0.0075909697960097324
1308,READ,15319.248711605029,6.527735261863426e-05,1.2595054314744377e-05,0.007053230416256851
1309,READ,12428.046846212295,8.046316628624318e-05,1.5398774147348108e-05,0.00862331352251494
1310,READ,13872.747990083266,7.208377177433307e-05,1.3857374918305226e-05,0.007760129954250927
1311,READ,11968.096814768212,8.355547381318264e-05,1.596411673353598e-05,0.00893990537078015
1312,READ,11206.328178847314,8.923529491913026e-05,1.6997656104777536e-05,0.00951868741867542
1313,READ,10276.588531925661,9.730855691004461e-05,1.84559928072179e-05,0.010335355972042024
1314,READ,12630.169374188705,7.91755019567372e-05,1.5162807567230464e-05,0.00849117223764906
1315,READ,9559.844281353458,0.00010460421431241373,1.976314994969976e-05,0.011067363971831865
1316,READ,10028.263978132405,9.971815681962464e-05,1.888883771816168e-05,0.010577749122170542
1317,READ,8551.703333210738,0.0001169357683534784,2.194979277596003e-05,0.012291883954537617
1318,READ,11495.170966730144,8.699305150782414e-05,1.659039100747388e-05,0.009290618964185374
1319,READ,8290.488359005514,0.00012062015609897739,2.2597623078787147e-05,0.012654668924120802
1320,READ,133359.27428219683,7.498541105464742e-06,-1.5060323264643937e-06,-0.0008433781028200605
1321,READ,150646.73398748602,6.638046332176497e-06,1.3226924140597612e-06,0.0007407077518734662
1322,READ,88610.84966842289,1.1285299754397425e-05,-2.271414764913106e-06,-0.0012719922683513394
1323,READ,86837.22627598078,1.1515798498927878e-05,2.288402144118911e-06,0.00128150520070659
1324,READ,104936.63012477178,9.529560829340333e-06,1.8957951525414441e-06,0.0010616452854232087
1325,READ,36743.49120698086,2.7215704527554825e-05,5.361428475696468e-06,0.003002399946390022
1326,READ,45511.16450042523,2.1972630473796308e-05,4.341110153578906e-06,0.0024310216860041873
1327,READ,50515.940106362024,1.979573176099437e-05,3.915738008610594e-06,0.0021928132848219326
1328,READ,32686.9916881448,3.059320996990643e-05,6.015581857029066e-06,0.003368725839936277
1329,READ,28164.861553975283,3.550523399817162e-05,6.962609710901171e-06,0.0038990614381046555
1330,READ,41371.85201107212,2.4171023326013433e-05,4.769643848480385e-06,0.002671000555149016
1331,READ,21312.76440906334,4.692023900826051e-05,9.143791624122587e-06,0.005120523309508649
1332,READ,25469.0233860937,3.9263382220851405e-05,7.683730466309092e-06,0.0043028890611330915
1333,READ,18446.34424249106,5.4211283648090286e-05,1.0522802146920762e-05,0.005892769202275627
1334,READ,20636.5080253783,4.84578107289384e-05,9.435516442639638e-06,0.005283889207878197
1335,READ,18794.181938034424,5.320795570124103e-05,1.0333683988314913e-05,0.005786863033456351
1336,READ,17187.917274739975,5.8180405689387305e-05,1.1268927891874582e-05,0.006310599619449766
1337,READ,14323.124551429324,6.981716848229241e-05,1.3438038451461639e-05,0.0075253015328185175
1338,READ,562866.6407434401,1.776619766769602e-06,3.549707904051191e-07,0.0001987836426268667
1339,READ,12041.832805582872,8.304383694285947e-05,1.587070730786048e-05,0.008887596092401868
1340,READ,13721.971950879557,7.287582306535042e-05,1.4003668449137584e-05,0.007842054331517048
1341,READ,11065.773213423325,9.036874158842791e-05,1.7203156841996233e-05,0.00963376783151789
1342,READ,13566.566259257423,7.371061924513358e-05,1.415772214772546e-05,0.007928324402726257
1343,READ,10575.908986059761,9.455452021363956e-05,1.7959916900395428e-05,0.01005755346422144
1344,READ,11644.227192796612,8.587946485779864e-05,1.6387764406585895e-05,0.009177148067688101
1345,READ,10011.37424232387,9.98863868031645e-05,1.8919016148276546e-05,0.010594649043034867
1346,READ,11485.571746212572,8.706575711651057e-05,1.6603612033848454e-05,0.009298022738955134
1347,READ,8857.395462266737,0.00011290000590580894,2.123729440919758e-05,0.011892884869150645
1348,READ,10240.091537431294,9.765537703883143e-05,1.8518361562662112e-05,0.010370282475090782
1349,READ,8583.190271150846,0.00011650679623882071,2.1874202993571318e-05,0.012249553676399938
1350,READ,10713.19768838654,9.334281221040408e-05,1.7741195136322026e-05,0.009935069276340336
1351,READ,8050.859882311634,0.0001242103346248862,2.322648408329563e-05,0.013006831086645552
1352,READ,158425.13241854034,6.312129803736689e-06,-1.26690420446834e-06,-0.0007094663545022705
1353,READ,549070.8216447264,1.8212586802637367e-06,3.638806124473077e-07,0.00020377314297049233
1354,READ,70877.79920009214,1.41087902176102e-05,-2.844230085058435e-06,-0.0015927688476327236
1355,READ,91169.03900249842,1.096863596393284e-05,2.180334626579404e-06,0.0012209873908844663
1356,READ,268626.55314274906,3.7226401794635565e-06,7.42979163204859e-07,0.00041606833139472103
1357,READ,44687.34452780033,2.2377700231838404e-05,4.420148896851138e-06,0.0024752833822366373
1358,READ,35790.59157820238,2.7940303747564546e-05,5.501973731836869e-06,0.0030811052898286465
1359,READ,35075.75622382887,2.850972032131543e-05,5.612340558841972e-06,0.0031429107129515043
1360,READ,30814.707308695895,3.2452036294948045e-05,6.374561459082281e-06,0.003569754417086077
1361,READ,21801.98025345007,4.586739316222224e-05,8.943751748870426e-06,0.005008500979367439
1362,READ,1456495.5060457902,6.865795300082178e-07,-1.373687221511513e-07,-7.692648440464472e-05
1363,READ,19350.1639087883,5.167914880275655e-05,1.004512071905749e-05,0.005625267602672194
1364,READ,19725.104045984575,5.069681750061893e-05,9.85945152396642e-06,0.0055212928534211945
1365,READ,19239.69367834875,5.1975879487382e-05,1.0101166374038548e-05,0.0056566531694615865
1366,READ,21874.796974711477,4.5714709999642856e-05,8.914722973666317e-06,0.004992244865253138
1367,READ,15155.715377196198,6.598170888750218e-05,1.2726114923804475e-05,0.007126624357330506
1368,READ,18000.234143167505,5.555483290085858e-05,1.0775726128090098e-05,0.006034406631730455
1369,READ,12783.95504334409,7.822305355498301e-05,1.4988060087909183e-05,0.008393313649229142
1370,READ,17189.728099663836,5.8174276765876014e-05,1.1267778237334678e-05,0.00630995581290742
1371,READ,12453.550728849228,8.029838411333192e-05,1.536859571743382e-05,0.008606413601762938
1372,READ,16765.474612768976,5.964638777588657e-05,1.1543695308213886e-05,0.006464469372599776
1373,READ,11441.32172865913,8.740248930288541e-05,1.6664831134590823e-05,0.00933230543537086
1374,READ,548203.9318609792,1.824138686136956e-06,3.6445543955805553e-07,0.0002040950461525111
1375,READ,10659.578156821122,9.38123427858254e-05,1.7825982154097908e-05,0.009982550006294829
1376,READ,11116.102037309169,8.995959164855472e-05,1.7129004128341042e-05,0.009592242311870983
1377,READ,10399.298995656032,9.61603277699504e-05,1.8249342414991558e-05,0.010219631752395273
1378,READ,12687.674006706155,7.88166530343894e-05,1.5096989848841183e-05,0.008454314315351062
1379,READ,8942.529923847973,0.00011182517794357011,2.104702659215743e-05,0.011786334891608161
1380,READ,10421.956451251748,9.595127408922277e-05,1.821169123077369e-05,0.010198547089233265
1381,READ,8659.751945650976,0.00011547674878865452,2.1692557584951238e-05,0.012147832247572694
1382,READ,10632.689160877322,9.404958471648655e-05,1.7868806783188046e-05,0.010006531798585306
1383,READ,8150.999884442999,0.00012268433494994893,2.2959476828507436e-05,0.012857307023964164
1384,READ,597232.190421369,1.6743906575003327e-06,3.3456442423415554e-07,0.0001873560775711271
1385,READ,268307.299582975,3.727069675533544e-06,-7.469729865119329e-07,-0.00041830487244668243
1386,READ,94812.49737768843,1.0547132790063212e-05,-2.121959688755624e-06,-0.0011882974257031496
1387,READ,33871.44356357224,2.9523394777170676e-05,5.808644056143957e-06,0.003252840671440616
1388,READ,138437.6425270344,7.223468861113536e-06,-1.4505615002866398e-06,-0.0008123144401605182
1389,READ,38465.25014937144,2.5997491141139533e-05,5.124887072715441e-06,0.002869936760720647
1390,READ,32327.16644269631,3.093373499878553e-05,6.081399574161752e-06,0.0034055837615305814
1391,READ,34861.70643513539,2.8684769113658457e-05,5.646255365089261e-06,0.0031619030044499866
1392,READ,34283.49571867287,2.916855411145659e-05,5.739952202695283e-06,0.0032143732335093585
1393,READ,26074.76535786675,3.8351255947095236e-05,7.508982989441982e-06,0.00420503047408751
1394,READ,32698.114776084563,3.058280291839336e-05,6.013569961692993e-06,0.0033675991785480763
1395,READ,21550.451022441615,4.640274112864958e-05,9.045496168169726e-06,0.005065477854175046
1396,READ,70773.42416309223,1.412959754067533e-05,2.803734747721246e-06,0.0015700914587238976
1397,READ,17219.660147759678,5.807315541765222e-05,1.1248808938859328e-05,0.006299333005761224
1398,READ,19608.107563314352,5.099931223709435e-05,9.91664683323083e-06,0.005553322226609265
1399,READ,15066.076755857484,6.637428019283214e-05,1.2799117982383478e-05,0.0071675060701347475
1400,READ,18714.83966281999,5.3433532855034776e-05,1.0376221203322796e-05,0.005810683873860766
1401,READ,14904.940403824963,6.709184826685896e-05,1.2932477900175661e-05,0.00724218762409837
1402,READ,18039.922389509513,5.543261098404254e-05,1.0752733038972325e-05,0.006021530501824502
1403,READ,14897.039446015915,6.71274318379711e-05,1.2939088413308697e-05,0.00724588951145287
1404,READ,14845.367754793973,6.73610796658825e-05,1.298248786938321e-05,0.007270193206854598
1405,READ,11480.986216603855,8.710053135973593e-05,1.660993513340386e-05,0.009301563674706163
1406,READ,1525277.1283860665,6.556185635971116e-07,1.3107558878944523e-07,7.340232972208933e-05
1407,READ,11328.144365044298,8.827571116464047e-05,1.682348345197394e-05,0.009421150733105406
1408,READ,11478.694760737573,8.711791896587937e-05,1.6613096683227696e-05,0.009303334142607509
1409,READ,10295.522370957691,9.712960294475859e-05,1.84238024818658e-05,0.010317329389844847
1410,READ,12293.69696847027,8.134249628608114e-05,1.5559725773105898e-05,0.008713446432939304
1411,READ,8868.87992733805,0.00011275380974744406,2.1211427183426207e-05,0.011878399222718676
1412,READ,9978.713461786017,0.0001002133194654351,1.8977648526569352e-05,0.010627483174878837
1413,READ,9049.08016616268,0.00011050846955023236,2.081364673221044e-05,0.011655642170037847
1414,READ,11850.347871807531,8.438570840431119e-05,1.6115583710134194e-05,0.009024726877675148
1415,READ,8012.881738551609,0.00012479904641407547,2.3329378160043308e-05,0.013064451769624253
1416,READ,110973.1716097559,9.01118698775739e-06,1.7931884937315442e-06,0.0010041855564896648
1417,READ,262918.81005283154,3.8034555222544084e-06,7.590743254074092e-07,0.00042508162222814916
1418,READ,59334.83117988816,1.6853507124141863e-05,3.3391863047300344e-06,0.0018699443306488192
1419,READ,138833.83123761555,7.202855320534154e-06,1.4347837219501708e-06,0.0008034788842920957
1420,READ,42567.30225588955,2.3492209912401515e-05,4.637433587042593e-06,0.002596962808743852
1421,READ,49169.05582374669,2.0337994766152086e-05,4.021793631249595e-06,0.0022522044334997732
1422,READ,30449.788430451557,3.284095067800017e-05,6.4495764119306395e-06,0.0036117627906811583
1423,READ,38303.96223460013,2.6106959741535455e-05,5.146155679977024e-06,0.0028818471807871334
1424,READ,53021.15634997009,1.8860395903088676e-05,3.7326555383329578e-06,0.0020902871014664565
1425,READ,24799.327477593706,4.0323674136062924e-05,7.88664447733129e-06,0.004416520907305522
1426,READ,31025.47603196443,3.22315763654919e-05,6.3320242442317626e-06,0.003545933576769787
1427,READ,23862.995739006346,4.190588687762302e-05,8.18900359879181e-06,0.004585842015323413
1428,READ,93870.22785775596,1.0653004928413793e-05,2.1179658731870055e-06,0.0011860608889847231
1429,READ,20459.790700016685,4.8876355318687814e-05,9.514842600209204e-06,0.005328311856117154
1430,READ,23611.037815343152,4.235307265274762e-05,8.27436544214271e-06,0.004633644647599918
1431,READ,18189.77201205283,5.4975950184388475e-05,1.06667963680537e-05,0.0059734059661100715
1432,READ,20544.578634307156,4.867464151005324e-05,9.476616589486617e-06,0.005306905290112506
1433,READ,14285.023794486677,7.000338357055809e-05,1.3472528085423373e-05,0.0075446157278370885
1434,READ,17333.500295189755,5.769175198142244e-05,1.1177242948589845e-05,0.006259256051210313
1435,READ,12792.40462756819,7.817138599923242e-05,1.497857543854444e-05,0.008388002245584886
1436,READ,15318.161713598174,6.528198479013864e-05,1.2595916555549282e-05,0.007053713271107598
1437,READ,11283.428551627545,8.862554456958546e-05,1.688700186167929e-05,0.009456721042540403
1438,READ,15159.265503214143,6.596625672846584e-05,1.2723240787497717e-05,0.007125014840998722
1439,READ,10333.589233880437,9.677179703653492e-05,1.835942183114219e-05,0.010281276225439626
1440,READ,13123.227807724383,7.62007651357996e-05,1.4616434280740182e-05,0.008185203197214502
1441,READ,10390.158780715305,9.62449199386687e-05,1.8264575336772903e-05,0.010228162188592826
1442,READ,12932.729916038124,7.732319521803984e-05,1.4822797257823277e-05,0.008300766464381035
1443,READ,9226.52044039839,0.00010838322057159191,2.0436272648489803e-05,0.01144431268315429
1444,READ,10620.460457968351,9.41578761069363e-05,1.7888350909327653e-05,0.010017476509223485
1445,READ,9088.785429390791,0.0001100257023085018,2.0727997473214377e-05,0.011607678585000052
1446,READ,11273.358474107494,8.870471051699344e-05,1.6901372542513514e-05,0.009464768623807568
1447,READ,8521.617596266877,0.00011734861236182164,2.2022508422091317e-05,0.012332604716371137
1448,READ,73288.3723330028,1.3644729281969409e-05,-2.749958421786977e-06,-0.001539976716200707
1449,READ,129186.24392913961,7.740762248250776e-06,-1.5548926400290466e-06,-0.0008707398784162661
1450,READ,174832.5667302612,5.7197581589180735e-06,-1.1476275569496815e-06,-0.0006426714318918216
1451,READ,54794.25862421077,1.8250087237390803e-05,3.6130914760824614e-06,0.0020233312266061784
1452,READ,212457.78327867432,4.706817441883646e-06,-9.438513084253122e-07,-0.0005285567327181749
1453,READ,41185.70123046863,2.428027131076776e-05,4.790912455772272e-06,0.0026829109752324726
1454,READ,40226.53910914397,2.4859210415461473e-05,4.903578591574147e-06,0.0027460040112815224
1455,READ,31446.78904061505,3.1799749052548786e-05,6.248674296762784e-06,0.003499257606187159
1456,READ,61426.285382646696,1.6279675610703722e-05,3.226520169185534e-06,0.001806851294743899
1457,READ,26158.625226121025,3.822830868808187e-05,7.485415073095651e-06,0.004191832440933564
1458,READ,37777.24154106596,2.6470963977423932e-05,5.216859428599334e-06,0.002921441280015627
1459,READ,23061.305414231872,4.3362679693876644e-05,8.46693256332479e-06,0.004741482235461883
1460,READ,20136.57331124966,4.9660882442264e-05,9.663435438913437e-06,0.005411523845791525
1461,READ,18519.301152515905,5.399771793570876e-05,1.0482564240757155e-05,0.005870235974824007
1462,READ,20822.13349123645,4.8025818315922174e-05,9.353603562617864e-06,0.005238017995066004
1463,READ,15547.5073552956,6.431899192248282e-05,1.241657045925525e-05,0.0069532794571829405
1464,READ,20090.50865837375,4.977474771815689e-05,9.684991459951293e-06,0.0054235952175727235
1465,READ,13682.509341254063,7.308600893733033e-05,1.4042469287395242e-05,0.007863782800941336
1466,READ,16510.044782234516,6.056918761819719e-05,1.171643089115666e-05,0.006561201299047729
1467,READ,14517.5801347759,6.888200311046097e-05,1.326472804072234e-05,0.007428247702804511
1468,READ,411838.19962756656,2.428138042814678e-06,-4.862888433695494e-07,-0.0002723217522869477
1469,READ,13094.230552619416,7.636951220474398e-05,1.4647474951390226e-05,0.008202585972778526
1470,READ,15136.218313139372,6.60667003680784e-05,1.2741922672710225e-05,0.007135476696717726
1471,READ,10403.442982148992,9.612202438326187e-05,1.824244448807241e-05,0.01021576891332055
1472,READ,11517.349264568345,8.682553398605115e-05,1.6559925163938543e-05,0.009273558091805583
1473,READ,9973.289608989708,0.00010026781926583397,1.8987420589794535e-05,0.01063295553028494
1474,READ,13236.90190176903,7.554637840644238e-05,1.449600797512057e-05,0.00811776446606752
1475,READ,9231.477868298853,0.00010832501732296053,2.0425925758104942e-05,0.011438518424538767
1476,READ,11226.457214253094,8.90752960542531e-05,1.6968627329181204e-05,0.009502431304341474
1477,READ,8664.151670586254,0.00011541810877975266,2.16822106945352e-05,0.012142037988939713
1478,READ,11508.342577906857,8.689348559363798e-05,1.6572283949424327e-05,0.009280479011677624
1479,READ,8244.1296474606,0.0001212984320677229,2.2716612318139427e-05,0.01272130289815808
1480,READ,81418.17919130145,1.2282269266307026e-05,-2.4734665311572537e-06,-0.001385141257448062
1481,READ,102848.19741188732,9.723067833607153e-06,-1.955259795953323e-06,-0.0010949454857338608
1482,READ,71564.53477409143,1.3973401813575834e-05,2.7729814913391163e-06,0.001552869635149905
1483,READ,63740.30670295457,1.5688659997515305e-05,3.110405070444401e-06,0.0017418268394488647
1484,READ,57646.460611430295,1.734711878914067e-05,3.4360446915874663e-06,0.001924185027288981
1485,READ,72122.00150200918,1.3865394459028455e-05,2.751712884440467e-06,0.0015409592152866615
1486,READ,277223.15038551856,3.6072023516411113e-06,7.19986074470075e-07,0.00040319220170324197
1487,READ,122447.75316017361,8.166748463664355e-06,1.6259137726023784e-06,0.0009105117126573319
1488,READ,42977.44606980657,2.3268018261851566e-05,4.593746718154444e-06,0.0025724981621664885
1489,READ,22820.03725164112,4.3821137931231215e-05,8.554306301884159e-06,0.004790411529055129
1490,READ,29292.41152076378,3.41385344559684e-05,6.699626255014287e-06,0.0037517907028080007
1491,READ,21001.013294100136,4.761675001086411e-05,9.276001886920925e-06,0.005194561056675718
1492,READ,549940.4549925772,1.818378682494812e-06,3.633057851018429e-07,0.000203451239657032
1493,READ,16174.65424627969,6.182512372590646e-05,1.1951247815261099e-05,0.006692698776546216
1494,READ,81344.07272869091,1.2293458717457227e-05,2.441881011979765e-06,0.0013674533667086682
1495,READ,14908.034282003706,6.707792463337397e-05,1.2929891177749078e-05,0.007240739059539484
1496,READ,20024.53464484427,4.993873853929838e-05,9.716032130466124e-06,0.00544097799306103
1497,READ,13974.338124039974,7.155973979760127e-05,1.3760516529417846e-05,0.007705889256473994
1498,READ,138766.2520229487,7.206363113667027e-06,-1.447112537042034e-06,-0.000810383020743539
1499,READ,11859.87247492264,8.431793867214603e-05,1.610322492471854e-05,0.009017805957842382
1500,READ,15200.564485557177,6.578703053759289e-05,1.2689900808012174e-05,0.007106344452486818
1501,READ,12213.943953468872,8.187363588777488e-05,1.565687157611869e-05,0.008767848082626468
1502,READ,15366.130836056642,6.50781911640046e-05,1.2557977958287363e-05,0.007032467656640924
1503,READ,11322.46034216369,8.832002672388279e-05,1.6831531033208717e-05,0.009425657378596882
1504,READ,11575.90452534752,8.638633791513402e-05,1.6480024178030757e-05,0.009228813539697223
1505,READ,10083.978001222076,9.916721356183146e-05,1.878996743295009e-05,0.01052238176245205
1506,READ,12397.573831064727,8.066094331249634e-05,1.543498826304322e-05,0.008643593427304204
1507,READ,9385.982809794998,0.00010654185291671564,2.0108621121186345e-05,0.011260827827864353
1508,READ,10563.803973021024,9.466286979140349e-05,1.7979461026557772e-05,0.010068498174872353
1509,READ,8832.734957805627,0.00011321521643942052,2.1293052651698042e-05,0.011924109484950903
1510,READ,11091.273430841937,9.016097260926424e-05,1.7165505657998084e-05,0.009612683168478927
1511,READ,8929.31235710059,0.00011199070656373665,2.1076342781607934e-05,0.011802751957700443
1512,READ,378026.2550351897,2.6453189075634764e-06,5.282811970588049e-07,0.0002958374703529308
1513,READ,322130.2575480625,3.1043342764868897e-06,-6.219480667303556e-07,-0.00034829091736899914
1514,READ,89262.71707716497,1.1202885513058376e-05,2.2266082179209057e-06,0.001246900602035707
1515,READ,49871.8482068826,2.0051392437908374e-05,3.965747976944168e-06,0.002220818867088734
1516,READ,38997.68334301031,2.564254884589788e-05,5.055907805969614e-06,0.002831308371342984
1517,READ,66979.33324096494,1.492997842188722e-05,2.961237406452409e-06,0.001658292947613349
1518,READ,38840.89552471146,2.574605931430642e-05,5.076026758695472e-06,0.0028425749848694642
1519,READ,35355.32372867845,2.828428351198636e-05,5.5686536897424555e-06,0.003118446066255775
1520,READ,34316.676587816306,2.91403509731195e-05,5.734491343990823e-06,0.003211315152634861
1521,READ,26284.374232560884,3.8045417827037616e-05,7.4503506122862055e-06,0.004172196342880275
1522,READ,33229.429339956194,3.0093805998575066e-05,5.919010883190586e-06,0.0033146460945867283
1523,READ,21809.168739978213,4.585227488138546e-05,8.940877612611492e-06,0.005006891463062435
1524,READ,30136.531328016994,3.318231913008287e-05,6.5153941291555065e-06,0.0036486207123270836
1525,READ,19615.12437692531,5.098106852569196e-05,9.913197869984088e-06,0.005551390807191089
1526,READ,18258.73286406053,5.4768313192661036e-05,1.0627708116413842e-05,0.0059515165451917516
1527,READ,16467.43968845376,6.072589418385153e-05,1.1745747079968765e-05,0.006577618364782508
1528,READ,149856.0860342693,6.673068985475295e-06,-1.33961984746266e-06,-0.0007501871145790895
1529,READ,13829.472772874546,7.230933647459241e-05,1.3899049892711709e-05,0.007783467939918557
1530,READ,18039.92238965087,5.543261098360818e-05,1.0752733038890605e-05,0.006021530501778738
1531,READ,13610.003362483945,7.347536759296518e-05,1.4114322691659601e-05,0.007904020707329377
1532,READ,15018.151571952258,6.658609051912817e-05,1.2838493647737437e-05,0.007189556442732965
1533,READ,12284.681001110705,8.14021951330756e-05,1.5570647490794486e-05,0.008719562594844911
1534,READ,15365.76634411123,6.507973488632668e-05,1.2558265371886028e-05,0.007032628608256175
1535,READ,11018.572989505506,9.075585386169667e-05,1.7273285765117548e-05,0.009673040028465828
1536,READ,11371.562216740569,8.793866497321333e-05,1.676226435121716e-05,0.009386868036681609
1537,READ,10573.949036284845,9.457204650490256e-05,1.7963078450261672e-05,0.010059323932146536
1538,READ,12482.820945221152,8.011009725993337e-05,1.5334106083337697e-05,0.00858709940666911
1539,READ,9729.687903297629,0.00010277821960363966,1.9436935491105054e-05,0.010884683875018829
1540,READ,10358.030781123722,9.654344741110259e-05,1.8318321683593506e-05,0.010258260142812364
1541,READ,8761.020333212482,0.00011414195629806523,2.145687841569917e-05,0.012015851912791536
1542,READ,11620.301545706461,8.60562865831555e-05,1.6419954731785742e-05,0.009195174649800016
1543,READ,8300.066925416364,0.00012048095623636625,2.257319292095543e-05,0.012640988035735042
1544,READ,155922.6642766568,6.413435818577851e-06,-1.2873105706005194e-06,-0.0007208939195362909
1545,READ,240516.47689816344,4.157719308450572e-06,-8.334844826250687e-07,-0.00046675131027003845
1546,READ,165079.76136390335,6.05767776581401e-06,1.2074395565000165e-06,0.0006761661516400092
1547,READ,882454.2646061764,1.1332032039601306e-06,2.2649690726026927e-07,0.0001268382680657508
1548,READ,42567.30225561255,2.349220991255439e-05,4.637433587072379e-06,0.002596962808760532
1549,READ,158346.82540301073,6.315251331720014e-06,1.2585991790646566e-06,0.0007048155402762077
1550,READ,31766.469567776272,3.147973361869568e-05,6.186880369991419e-06,0.003464653007195195
1551,READ,35083.057490739855,2.8503787056300587e-05,5.611190904482884e-06,0.0031422669065104152
1552,READ,31917.344164444527,3.133092762504926e-05,6.158139008760315e-06,0.0034485578449057765
1553,READ,31360.165369075214,3.1887586950868464e-05,6.265631699820808e-06,0.0035087537518996522
1554,READ,41480.78531015379,2.4107547446919165e-05,4.7572850631716325e-06,0.0026640796353761143
1555,READ,20947.03587890702,4.773945133721604e-05,9.299282389543488e-06,0.0052075981381443535
1556,READ,22859.380294226004,4.374571782475606e-05,8.539935621153458e-06,0.004782363947845937
1557,READ,19659.090324632823,5.0867053535381585e-05,9.891641848809634e-06,0.005539319435333395
1558,READ,122684.89308332039,8.15096280290075e-06,-1.637667759213913e-06,-0.0009170939451597913
1559,READ,15010.831348010768,6.66185620780104e-05,1.2844529333724416e-05,0.007192936426885673
1560,READ,19826.728501028745,5.043696442144317e-05,9.810303795918395e-06,0.005493770125714301
1561,READ,13881.13458611932,7.204022076120257e-05,1.384932733694194e-05,0.007755623308687486
1562,READ,179572.50896166856,5.5687811334944335e-06,1.1102937562622812e-06,0.0006217645035068775
1563,READ,12556.081337974436,7.964268254424364e-05,1.5248456825358993e-05,0.008539135822201036
1564,READ,15045.75131537617,6.646394580362624e-05,1.2815787971896122e-05,0.007176841264261828
1565,READ,12414.727523994527,8.05494923724466e-05,1.541458189623901e-05,0.008632165861893845
1566,READ,14284.390434450592,7.00064874723835e-05,1.3473102912723424e-05,0.007544937631125117
1567,READ,10809.529259327415,9.251096657489611e-05,1.7590877813689832e-05,0.009850891575666307
1568,READ,10934.799253048208,9.145115304437234e-05,1.7399172930050407e-05,0.009743536840828227
1569,READ,10735.70600217857,9.314711112590756e-05,1.7705843261273496e-05,0.009915272226313158
1570,READ,12655.21904855029,7.901878238247912e-05,1.5134066205428505e-05,0.008475077075039963
1571,READ,9569.861879732776,0.00010449471607503738,1.9743605823505657e-05,0.011056419261163169
1572,READ,9865.348209454703,0.00010136489648095998,1.918401150559373e-05,0.010743046443132488
1573,READ,9578.126570477005,0.00010440455058114758,1.9727510660837004e-05,0.011047405970068721
1574,READ,10178.425348244486,9.824702405195457e-05,1.862470460184332e-05,0.010429834577032258
1575,READ,9203.999979507133,0.0001086484139750671,2.0483408482155243e-05,0.011470708750006936
1576,READ,777762.9289737043,1.2857388321651537e-06,2.5696274972101844e-07,0.00014389913984377034
1577,READ,160603.61024347105,6.226510092046032e-06,-1.2496593878115105e-06,-0.0006998092571744459
1578,READ,325362.3803970227,3.0734960777572144e-06,6.13643039046198e-07,0.0003436401018658709
1579,READ,77230.92022096973,1.2948181856940767e-05,-2.608550926786704e-06,-0.001460788519000554
1580,READ,120880.6529395919,8.272622422876333e-06,1.6468949660496785e-06,0.00092226118098782
1581,READ,93461.93897888216,1.0699542625859188e-05,2.1271631086540464e-06,0.0011912113408462659
1582,READ,441551.29450760037,2.264742539403397e-06,-4.535236919434315e-07,-0.00025397326748832164
1583,READ,37334.64108523315,2.6784776039953063e-05,5.277791114320288e-06,0.002955563024019361
1584,READ,46004.43006774175,2.1737037031596633e-05,4.2951239757265535e-06,0.00240526942640687
1585,READ,27401.89869003351,3.6493821516233666e-05,7.152590109028834e-06,0.004005450461056147
1586,READ,33555.77638140155,2.980112838498515e-05,5.862390401557193e-06,0.003282938624872028
1587,READ,24519.64969724595,4.0783616909189374e-05,7.974593043138176e-06,0.004465772104157379
1588,READ,28500.753965336764,3.508679107985079e-05,6.882133899160257e-06,0.0038539949835297437
1589,READ,20251.705404256285,4.9378557511005013e-05,9.60997650673535e-06,0.005381586843771796
1590,READ,20563.157143010907,4.863066469050859e-05,9.468281594741377e-06,0.005302237693055171
1591,READ,16992.728044688007,5.884870265505155e-05,1.1394240228118053e-05,0.0063807745277461095
1592,READ,235255.95569183974,4.250689412130733e-06,-8.521663673770493e-07,-0.00047721316573114765
1593,READ,14316.124778363803,6.985130511794062e-05,1.3444361551126867e-05,0.007528842468631045
1594,READ,16829.118601056336,5.942081838660473e-05,1.1501445506723418e-05,0.006440809483765114
1595,READ,13237.175459647015,7.554481717406096e-05,1.449572056142546e-05,0.008117603514398258
1596,READ,249977.30322205822,4.00036318141926e-06,-8.01868985897656e-07,-0.0004490466321026874
1597,READ,12676.334419880686,7.888715829646062e-05,1.5109923461861493e-05,0.008461557138642436
1598,READ,14091.853964174952,7.096298347557762e-05,1.365014970044182e-05,0.007644083832247419
1599,READ,11432.634718591411,8.746890149248184e-05,1.6676902506665434e-05,0.009339065403732643
1600,READ,12209.724498280639,8.190192990356326e-05,1.5662045021169308e-05,0.008770745211854813
1601,READ,10356.146768922341,9.656101079997148e-05,1.8321483233386787e-05,0.0102600306106966
1602,READ,11762.005560966723,8.501951430108061e-05,1.6231123984682653e-05,0.009089429431422286
1603,READ,9801.700495487408,0.0001020231132812504,1.9301851089703027e-05,0.010809036610233694
1604,READ,10643.501429183467,9.39540438504659e-05,1.7851561966067995e-05,0.009996874700998077
1605,READ,8953.962937533033,0.00011168239214038077,2.1021734193538906e-05,0.011772171148381787
1606,READ,11609.012256874252,8.613997279638085e-05,1.6435187653543564e-05,0.009203705085984396
1607,READ,8302.549462268094,0.00012044493134845107,2.256686982131846e-05,0.012637447099938338
1608,READ,135653.82970397527,7.371704891651102e-06,-1.4804525153980058e-06,-0.0008290534086228833
1609,READ,295298.093476343,3.386408588784581e-06,-6.78568547557131e-07,-0.0003799983866319934
1610,READ,103104.44743469113,9.69890266502252e-06,-1.9503737647752864e-06,-0.0010922093082741603
1611,READ,80297.07250028897,1.2453754151453047e-05,-2.5082435776567444e-06,-0.0014046164034877769
1612,READ,75765.2487197075,1.3198663198473569e-05,2.6203648642465437e-06,0.0014674043239780645
1613,READ,53282.34477838097,1.876794281781955e-05,3.7145484808140256e-06,0.0020801471492558543
1614,READ,266048.18935572065,3.7587175557242622e-06,7.501645035109968e-07,0.0004200921219661582
1615,READ,32251.182511471932,3.1006615017737544e-05,6.0954828412561184e-06,0.003413470391103426
1616,READ,59201.09203290015,1.6891580301327287e-05,3.346659058537525e-06,0.001874129072781014
1617,READ,31533.88414389105,3.171191964291296e-05,6.231716893577347e-06,0.0034897614604033145
1618,READ,104420.69983073205,9.576645259235181e-06,-1.9256561945562844e-06,-0.0010783674689515193
1619,READ,22915.47546616769,4.363863195753436e-05,8.519529254614475e-06,0.004770936382584106
1620,READ,33569.16230130106,2.9789244992903574e-05,5.860091092607207e-06,0.003281651011860036
1621,READ,19686.74011967564,5.0795611356730604e-05,9.878133409024272e-06,0.005531754709053592
1622,READ,167796.23940071798,5.959609128139502e-06,-1.1959130432296802e-06,-0.0006697113042086209
1623,READ,15061.51645151715,6.639437690215249e-05,1.2802854359288286e-05,0.00716959844120144
1624,READ,20255.440673421803,4.936945170055722e-05,9.608252024919656e-06,0.005380621133955007
1625,READ,16501.674046446293,6.059991229891941e-05,1.1722179163401448e-05,0.006564420331504811
1626,READ,17224.204115684643,5.8057834967793e-05,1.1245934802537019e-05,0.00629772348942073
1627,READ,13070.426876123545,7.65085952798339e-05,1.4673054763262076e-05,0.008216910667426762
1628,READ,84248.8788004604,1.1869594162415551e-05,2.3582436512403733e-06,0.001320616444694609
1629,READ,11212.100763005934,8.918935185629768e-05,1.6989321109831483e-05,0.009514019821505631
1630,READ,15324.323337745202,6.525573612355915e-05,1.2591030524085909e-05,0.007050977093488109
1631,READ,11306.85726832793,8.844190532068873e-05,1.685366188180171e-05,0.009438050653808957
1632,READ,11980.514495556703,8.346886941882813e-05,1.5948308984520777e-05,0.008931053031331635
1633,READ,10291.121121015449,9.717114279783422e-05,1.8431275235943913e-05,0.010321514132128591
1634,READ,12528.94328312557,7.981519090654962e-05,1.5280072323167792e-05,0.008556840500973963
1635,READ,9607.456605091382,0.00010408582011914156,1.967060276410223e-05,0.011015537547897249
1636,READ,9948.316410649233,0.0001005195209643256,1.903254452800051e-05,0.010658224935680286
1637,READ,9126.797071881732,0.00010956746294719833,2.0646659418575857e-05,0.01156212927440248
1638,READ,10538.61052384786,9.488916947230344e-05,1.8020273760418482e-05,0.01009135330583435
1639,READ,8865.431647843092,0.00011279766623019356,2.121918735103955e-05,0.011882744916582148
1640,READ,85931.82251339105,1.1637132446995019e-05,-2.3426933396979887e-06,-0.0013119082702308738
1641,READ,90511.64995181031,1.1048301522869313e-05,-2.2234166922690775e-06,-0.0012451133476706834
1642,READ,251054.7200433796,3.983195376000939e-06,-7.984200224474386e-07,-0.00044711521257056563
1643,READ,648532.7567871439,1.541942160260398e-06,3.0812237220139824e-07,0.000172548528432783
1644,READ,82330.33344686918,1.214619154488591e-05,-2.4458748248831753e-06,-0.0013696899019345781
1645,READ,39369.947111969086,2.5400084921525948e-05,5.008771973555898e-06,0.002804912305191303
1646,READ,60635.85620244864,1.6491892134931497e-05,3.2681951427946095e-06,0.0018301892799649814
1647,READ,40052.76717461418,2.4967063964404672e-05,4.924559785352769e-06,0.002757753479797551
1648,READ,39450.302676118234,2.5348347976183294e-05,4.998712497103355e-06,0.0027992789983778787
1649,READ,25289.179812129012,3.9542603098594254e-05,7.737189398410062e-06,0.004332826063109635
1650,READ,23664.891379550474,4.225669089122164e-05,8.255970970785475e-06,0.004623343743639866
1651,READ,22044.60268172938,4.536257760856822e-05,8.847755601634794e-06,0.004954743136915484
1652,READ,21808.44968332911,4.5853786698300866e-05,8.941165026249325e-06,0.005007052414699622
1653,READ,20132.26524992358,4.967150927061205e-05,9.665447334275721e-06,0.005412650507194403
1654,READ,22631.47003862136,4.41862591468193e-05,8.623860396384309e-06,0.004829361821975213
1655,READ,17249.23751277628,5.797357704996023e-05,1.1230127053812427e-05,0.006288871150134959
1656,READ,24905.12261211869,4.015238212533055e-05,7.85387932531773e-06,0.004398172422177929
1657,READ,14578.920378806419,6.859218474460661e-05,1.3210981694572357e-05,0.00739814974896052
1658,READ,16677.493296610057,5.9961049434405385e-05,1.1602615099454874e-05,0.006497464455694729
1659,READ,14919.389101408615,6.702687309801343e-05,1.2920406528304152e-05,0.007235427655850325
1660,READ,15219.50616080465,6.570515425627517e-05,1.2674667886425245e-05,0.007097814016398137
1661,READ,11954.803340850416,8.364838563114866e-05,1.5981074136991547e-05,0.008949401516715267
1662,READ,15714.771771226895,6.363439536748216e-05,1.2288958813763e-05,0.00688181693570728
1663,READ,11032.461015700832,9.064160739628732e-05,1.7252591984490606e-05,0.00966145151131474
1664,READ,11872.520669222404,8.422811194528714e-05,1.608684234848001e-05,0.009008631715148806
1665,READ,10085.443507095291,9.915280367159679e-05,1.8787380710507558e-05,0.010520933197884233
1666,READ,12852.11117515414,7.780822826472373e-05,1.4911895479251535e-05,0.008350661468380859
1667,READ,9346.337100955081,0.00010699378689195924,2.018909693480124e-05,0.011305894283488695
1668,READ,11247.456585229414,8.89089895499786e-05,1.6938448899332886e-05,0.009485531383626416
1669,READ,8625.068371847665,0.00011594110990053284,2.1774470466981194e-05,0.01219370346150947
1670,READ,11868.523720496189,8.42564773471416e-05,1.6092015793490825e-05,0.009011528844354862
1671,READ,8558.150626772713,0.00011684767464499524,2.1934272440374043e-05,0.012283192566609464
1672,READ,227969.5192164712,4.386551340008038e-06,-8.794706601952751e-07,-0.0004925035697093541
1673,READ,347187.69820526044,2.8802863844812586e-06,5.751296156155968e-07,0.0003220725847447342
1674,READ,624061.8222639384,1.6024053456310676e-06,3.201937442324719e-07,0.00017930849677018425
1675,READ,500120.1694217384,1.9995194378108072e-06,-4.0035217425662314e-07,-0.00022419721758370895
1676,READ,78263.87430691459,1.2777287207613364e-05,2.53730233077944e-06,0.0014208893052364865
1677,READ,46777.33351582594,2.1377875240829514e-05,4.224995054551087e-06,0.0023659972305486087
1678,READ,144048.0078534988,6.942130022492434e-06,1.3830492720888486e-06,0.0007745075923697553
1679,READ,38636.711907039054,2.5882119638079615e-05,5.10246881101482e-06,0.0028573825341682993
1680,READ,32266.66090641928,3.099174106983767e-05,6.092608705166532e-06,0.003411860874893258
1681,READ,30744.135906308973,3.252652808481734e-05,6.38893213978452e-06,0.0035778019982793314
1682,READ,34451.79593685296,2.9026063019556654e-05,5.712360495894546e-06,0.0031989218777009457
1683,READ,19630.344236161858,5.09415417258888e-05,9.905725115958676e-06,0.005547206064936859
1684,READ,24953.67375405858,4.0074259600246454e-05,7.8389338175254e-06,0.004389802937814224
1685,READ,20651.36868839709,4.842294063355941e-05,9.428905929554784e-06,0.005280187320550679
1686,READ,23356.824913701064,4.2814038453206114e-05,8.36231400788603e-06,0.004682895844416177
1687,READ,14923.866790542215,6.700676265977766e-05,1.2916670151293416e-05,0.007233335284724313
1688,READ,21213.526457246284,4.713973426414504e-05,9.185466598289112e-06,0.005143861295041903
1689,READ,14573.323376780962,6.861852812470052e-05,1.321586772584664e-05,0.007400885926474119
1690,READ,19016.881301691745,5.2584857850011394e-05,1.0216131819868414e-05,0.005721033819126312
1691,READ,14122.149989537897,7.08107477077378e-05,1.3621983166124485e-05,0.0076283105730297115
1692,READ,15655.230920067597,6.387641326440952e-05,1.2334082751327618e-05,0.006907086340743466
1693,READ,11302.406770734993,8.847673068972108e-05,1.6859984981581275e-05,0.009441591589685515
1694,READ,61764.94599990835,1.6190413248341284e-05,3.208987938798922e-06,0.0017970332457273963
1695,READ,10265.630400949984,9.741242972350337e-05,1.8474674692611838e-05,0.01034581782786263
1696,READ,11370.33483815656,8.794815757265133e-05,1.6763988832932323e-05,0.0093878337464421
1697,READ,10124.509024382724,9.877022160696514e-05,1.8718688855387495e-05,0.010482465759016997
1698,READ,12737.79988107765,7.850649321987915e-05,1.5040081952548685e-05,0.008422445893427263
1699,READ,9249.006755714558,0.00010811971776127676,2.0389424228246503e-05,0.011418077567818041
1700,READ,10072.918317483927,9.927609541559212e-05,1.880951155913009e-05,0.010533326473112852
1701,READ,9191.548524685868,0.00010879559601021376,2.0509563121559992e-05,0.011485355348073595
1702,READ,10781.917594869354,9.274788006874181e-05,1.7633702442916028e-05,0.009874873368032975
1703,READ,8866.453097275316,0.00011278467150605044,2.1216888042206385e-05,0.011881457303635575
1704,READ,78467.00138045674,1.2744210717972758e-05,-2.5671633672987286e-06,-0.001437611485687288
1705,READ,115731.67798569635,8.64067658401698e-06,-1.73653804040989e-06,-0.0009724613026295384
1706,READ,68886.87135758695,1.4516554174874189e-05,2.879899354575465e-06,0.0016127436385622604
1707,READ,147904.5898659549,6.761115398151567e-06,1.34712257098191e-06,0.0007543886397498695
1708,READ,115473.8874680445,8.659966525130919e-06,1.723634399951304e-06,0.0009652352639727302
1709,READ,65605.04915966271,1.5242729222964296e-05,3.022743919034663e-06,0.0016927365946594114
1710,READ,40389.751971017555,2.475875565459202e-05,4.88403446598532e-06,0.002735059300951779
1711,READ,59479.52899905462,1.6812507039453763e-05,3.331138723675684e-06,0.001865437685258383
1712,READ,35977.64058071974,2.779504113829787e-05,5.473807197762421e-06,0.003065332030746956
1713,READ,28171.977818276482,3.5496265347449376e-05,6.960885229167187e-06,0.0038980957283336246
1714,READ,30079.763622001352,3.3244942100162194e-05,6.527465500954026e-06,0.0036553806805342546
1715,READ,23306.786372057053,4.2905958120374716e-05,8.379846238291955e-06,0.004692713893443495
1716,READ,51030.93870102258,1.959595542340987e-05,3.876649757412455e-06,0.002170923864150975
1717,READ,17815.945601265452,5.612949334156986e-05,1.0883793647398864e-05,0.006094924442543364
1718,READ,20065.41323013133,4.9837000042358706e-05,9.696775418192507e-06,0.005430194234187804
1719,READ,17461.400211613367,5.726917588973833e-05,1.1097916790678442e-05,0.006214833402779928
1720,READ,22677.938089728017,4.4095719639209637e-05,8.606615579564136e-06,0.004819704724555916
1721,READ,14513.007811208103,6.890370438770936e-05,1.3268751831421627e-05,0.007430501025596111
1722,READ,17564.194432776847,5.693400877719064e-05,1.1034973208977961e-05,0.0061795849970276585
1723,READ,12643.934930938765,7.908930293156402e-05,1.5146999818317078e-05,0.008482319898257564
1724,READ,13608.56077207917,7.348315642986367e-05,1.4115759759743823e-05,0.00790482546545654
1725,READ,11537.295496651595,8.667542582143488e-05,1.6532620870124065e-05,0.009258267687269476
1726,READ,14536.552206466225,6.879210323030896e-05,1.3248058050919407e-05,0.007418912508514868
1727,READ,10606.287094627482,9.428370089157222e-05,1.7911056585337797e-05,0.010030191687789167
1728,READ,10650.179413667061,9.389513182442068e-05,1.7840927662243028e-05,0.009990919490856096
1729,READ,10375.359885467582,9.638219888648551e-05,1.8289292908026525e-05,0.010242004028494855
1730,READ,12200.825907152552,8.196166453074008e-05,1.5672966738610413e-05,0.008776861373621832
1731,READ,9392.384058372274,0.00010646924080032804,2.0095687508336597e-05,0.011253585004668495
1732,READ,10565.938239139396,9.464374837018267e-05,1.797601206309323e-05,0.010066566755332209
1733,READ,8659.629790998344,0.00011547837772920693,2.1692844998534707e-05,0.012147993199179436
1734,READ,11203.941179023974,8.925430649994849e-05,1.7001105068139548e-05,0.009520618838158147
1735,READ,9057.845751277368,0.00011040152674922474,2.0794677433191063e-05,0.011645019362586996
1736,READ,78440.84330846388,1.2748460595554287e-05,-2.5680256081441857e-06,-0.001438094340560744
1737,READ,104997.4484434901,9.524040963130668e-06,-1.9150218909093486e-06,-0.0010724122589092352
1738,READ,425138.03968359675,2.3521771910700734e-06,-4.7105592213163836e-07,-0.00026379131639371747
1739,READ,392348.40784630604,2.548755086045177e-06,5.090244851116396e-07,0.00028505371166251815
1740,READ,46001.31435898707,2.1738509299889918e-05,4.295411389334993e-06,0.0024054303780275963
1741,READ,61748.204058358315,1.6194802994673312e-05,3.2098501798042287e-06,0.001797516100690368
1742,READ,101561.5069378979,9.84625012123415e-06,1.9584513193839174e-06,0.0010967327388549937
1743,READ,29896.04346715729,3.344924224165528e-05,6.566841166209684e-06,0.0036774310530774228
1744,READ,39434.20570029758,2.535869512879408e-05,5.000724392396469e-06,0.0028004056597420225
1745,READ,22539.089238081426,4.43673650446544e-05,8.658350030107581e-06,0.0048486760168602455
1746,READ,20542.018645319848,4.868070744487583e-05,9.477766244148277e-06,0.005307549096723035
1747,READ,23174.907917048586,4.315011751413914e-05,8.42640724366753e-06,0.004718788056453817
1748,READ,25465.12945675986,3.926938607156951e-05,7.684880120665502e-06,0.004303532867572681
1749,READ,18242.969248136298,5.481563809039255e-05,1.063661793840478e-05,0.005956506045506677
1750,READ,21911.7462971127,4.563762223423377e-05,8.900064879501473e-06,0.004984036332520825
1751,READ,17377.780802856047,5.754474701600848e-05,1.1149651241593726e-05,0.006243804695292486
1752,READ,278336.48645609233,3.592773670216428e-06,7.171119383445037e-07,0.00040158268547292207
1753,READ,15870.790502099855,6.3008833735641e-05,1.2172268885933394e-05,0.006816470576122701
1754,READ,16279.541840101858,6.142679012849561e-05,1.187680768865801e-05,0.006651012305648486
1755,READ,13980.716023976933,7.152709477003894e-05,1.3754480843323653e-05,0.007702509272261246
1756,READ,15007.69621502458,6.663247880769835e-05,1.284711605606599e-05,0.007194384991396954
1757,READ,12219.10485388681,8.18390554756478e-05,1.5650548476340992e-05,0.008764307146750956
1758,READ,15567.29267264913,6.423724542398722e-05,1.2401337537526518e-05,0.00694474902101485
1759,READ,10591.434751380237,9.441591469651301e-05,1.7934911915728654e-05,0.010043550672808047
1760,READ,11308.88132583283,8.842607603598282e-05,1.6850787745656913e-05,0.00943644113756787
1761,READ,10164.688701227611,9.837979591831749e-05,1.8648559932290328e-05,0.010443193562082584
1762,READ,12140.04016403534,8.237205037941166e-05,1.574798169271707e-05,0.00881886974792156
1763,READ,9352.546196613484,0.00010692275440051775,2.01764507355666e-05,0.011298812411917296
1764,READ,10635.570391309204,9.40241062028177e-05,1.786420816533423e-05,0.010003956572587168
1765,READ,9955.303317818707,0.00010044897358477558,1.9019898328666373e-05,0.010651143064053169
1766,READ,11299.172141531644,8.850205904239337e-05,1.686458359935481e-05,0.009444166815638692
1767,READ,9355.229803872244,0.00010689208292735768,2.0170989876794687e-05,0.011295754331005025
1768,READ,116441.31813489935,8.588016831289063e-06,-1.7259037368489088e-06,-0.000966506092635389
1769,READ,78345.08047856527,1.2764043305483536e-05,-2.5711871578652246e-06,-0.0014398648084045257
1770,READ,403269.6452943391,2.479730402892383e-06,-4.966357333056195e-07,-0.0002781160106511469
1771,READ,45704.135268262304,2.187985822574826e-05,4.323003096033272e-06,0.002420881733778632
1772,READ,83786.28783366326,1.1935127165261818e-05,2.3711772638342297e-06,0.0013278592677471686
1773,READ,40656.55637952912,2.4596278904317325e-05,4.852418968687382e-06,0.002717354622464934
1774,READ,72008.30622266326,1.3887286793107054e-05,2.7560240883442245e-06,0.0015433734894727657
1775,READ,35272.10100731766,2.835101883475943e-05,5.581587302378833e-06,0.0031256888893321463
1776,READ,34511.79280861804,2.897560279019429e-05,5.702588433142627e-06,0.003193449522559871
1777,READ,23683.45900835348,4.222356200786745e-05,8.249647871250004e-06,0.004619802807900002
1778,READ,29524.725485206724,3.386991694473322e-05,6.647891804708144e-06,0.003722819410636561
1779,READ,20151.35743500424,4.9624448537791e-05,9.656537512214446e-06,0.0054076610068400895
1780,READ,20843.178864615547,4.7977326611040674e-05,9.344406326980088e-06,0.005232867543108849
1781,READ,21908.118434092044,4.564517957159947e-05,8.901501947600988e-06,0.004984841090656554
1782,READ,19839.278942244353,5.0405057709565794e-05,9.80426810997839e-06,0.005490390141587898
1783,READ,18409.5574874022,5.43196109240707e-05,1.054320851357873e-05,0.005904196767604089
1784,READ,19736.937597046475,5.0666421529834725e-05,9.853703251721243e-06,0.005518073820963896
1785,READ,13375.884829126018,7.476140926561344e-05,1.4351438925643224e-05,0.008036805798360205
1786,READ,17368.075725123334,5.757690234810966e-05,1.1155686927389087e-05,0.006247184679337888
1787,READ,12611.195042273011,7.929462645276498e-05,1.5184651002289396e-05,0.008503404561282062
1788,READ,419632.8550750372,2.383035522376301e-06,4.759719199991737e-07,0.00026654427519953727
1789,READ,11414.886212664953,8.760490305111304e-05,1.6701620077898927e-05,0.0093529072436234
1790,READ,14171.883057007097,7.056225315841591e-05,1.3575996987355374e-05,0.007602558312919009
1791,READ,10951.913932998285,9.130824129168736e-05,1.7373305704337375e-05,0.00972905119442893
1792,READ,11691.283009787565,8.553381174357273e-05,1.6324820824089997e-05,0.009141899661490399
1793,READ,10038.423749578236,9.961723323764002e-05,1.8870730660109622e-05,0.01056760916966139
1794,READ,11669.96633910363,8.569005007745464e-05,1.6353274772353837e-05,0.009157833872518149
1795,READ,8934.232248775792,0.0001119290356635876,2.106542106401373e-05,0.011796635795847688
1796,READ,10294.506381052535,9.71391889018148e-05,1.8425526963539957e-05,0.010318295099582375
1797,READ,8861.73074838687,0.00011284477359933705,2.1227522346066064e-05,0.011887412513796996
1798,READ,11229.852043269177,8.90483682373508e-05,1.6963741297684898e-05,0.009499695126703542
1799,READ,8173.412016382847,0.00012234792495417982,2.2900557035992772e-05,0.012824311940155953
1800,READ,3804164.1380258803,2.628698351903755e-07,-5.258170743914549e-08,-2.9445756165921477e-05
1801,READ,98550.6829518163,1.0147063115624709e-05,2.0179459372430327e-06,0.0011300497248560983
1802,READ,165536.26230652534,6.040972449578987e-06,-1.2122956187987862e-06,-0.0006788855465273202
1803,READ,89216.36326239756,1.1208706154709119e-05,2.22775787225243e-06,0.0012475444084613608
1804,READ,55876.19860396543,1.7896707810918115e-05,3.543824795916485e-06,0.0019845418857132317
1805,READ,93360.41782642814,1.0711177427024363e-05,2.129462417529006e-06,0.0011924989538162434
1806,READ,79460.3656885339,1.2584890483889373e-05,2.4993637342082025e-06,0.0013996436911565934
1807,READ,35013.8160115252,2.8560154644978952e-05,5.6221126216879295e-06,0.0031483830681452406
1808,READ,31284.206891487967,3.1965010443403225e-05,6.280577207701175e-06,0.0035171232363126583
1809,READ,27766.13334983507,3.601509750747992e-05,7.060617752869702e-06,0.003953945941607033
1810,READ,31984.176063642037,3.1265460708138997e-05,6.145492809800695e-06,0.003441475973488389
1811,READ,25522.683324531718,3.9180833272292605e-05,7.6679227175945e-06,0.0042940367218529205
1812,READ,25796.332634103885,3.876520023927572e-05,7.588309146668197e-06,0.00424945312213419
1813,READ,19872.822455253052,5.0319978566288985e-05,9.788172947618514e-06,0.005481376850666368
1814,READ,19149.962865755737,5.2219422408813944e-05,1.0147152552351164e-05,0.005682405429316652
1815,READ,16449.95816701136,6.079042814864986e-05,1.1757818451774588e-05,0.006584378332993769
1816,READ,18081.27874586543,5.5305822893121746e-05,1.0728877708797703e-05,0.006008171516926714
1817,READ,15005.606827413112,6.66417567447617e-05,1.2848840537830706e-05,0.0071953507011851955
1818,READ,18421.45872065656,5.4284517592446067e-05,1.053659800036075e-05,0.00590049488020202
1819,READ,13175.354851435643,7.5899284025055e-05,1.4560963452582054e-05,0.00815413953344595
1820,READ,15456.674261076041,6.469697058430365e-05,1.2486986795132805e-05,0.0069927126052743704
1821,READ,11905.928820082694,8.399176705249733e-05,1.6043730305743338e-05,0.00898448897121627
1822,READ,15236.700217804706,6.563100840111425e-05,1.2660872032918426e-05,0.007090088338434318
1823,READ,11573.788377945046,8.640213276282077e-05,1.6482898314225553e-05,0.00923042305596631
1824,READ,11118.649519748964,8.993898028926969e-05,1.712526775136061e-05,0.009590149940761942
1825,READ,10114.674851778593,9.886625271242973e-05,1.8735933672647313e-05,0.010492122856682495
1826,READ,11677.49405375127,8.563481132142051e-05,1.634321529567503e-05,0.009152200565578018
1827,READ,9537.376966073374,0.0001048506317362969,1.980712423354985e-05,0.011091989570787917
1828,READ,10830.745910961436,9.232974425038755e-05,1.755811266122071e-05,0.009832543090283597
1829,READ,8923.234276819398,0.00011206698927515333,2.1089851221842685e-05,0.011810316684231903
1830,READ,11107.879299397067,9.002618529121753e-05,1.7141075500355487e-05,0.009599002280199073
1831,READ,8303.226759286143,0.00012043510661462092,2.2565145339473216e-05,0.012636481390105
1832,READ,325736.74085291557,3.0699637915624137e-06,-6.150501400420404e-07,-0.0003444280784235426
1833,READ,242771.59085617407,4.119098105644631e-06,-8.257243152280049e-07,-0.00046240561652768274
1834,READ,105453.99196659542,9.48280839208789e-06,-1.906686896459161e-06,-0.0010677446620171302
1835,READ,61014.910285054735,1.6389436538185725e-05,3.2480761900280572e-06,0.001818922666415712
1836,READ,43855.58401903477,2.280211339942405e-05,4.502924016811034e-06,0.002521637449414179
1837,READ,47456.751815146716,2.1071817217815383e-05,4.165213023362207e-06,0.002332519293082836
1838,READ,44316.75292217055,2.2564830093852057e-05,4.456650425374106e-06,0.0024957242382094994
1839,READ,36269.6469597272,2.757126368256002e-05,5.430407742401053e-06,0.00304102833574459
1840,READ,52260.59489389259,1.9134875942961465e-05,3.7864018836168984e-06,0.002120385054825463
1841,READ,30919.738880121426,3.2341799647050345e-05,6.353292851685451e-06,0.0035578439969438523
1842,READ,28585.958084082562,3.498221039359976e-05,6.862014946395799e-06,0.003842728369981648
1843,READ,21035.138295364464,4.7539502044556135e-05,9.26134379250219e-06,0.005186352523801227
1844,READ,24924.707543636112,4.0120831839221496e-05,7.847843639466948e-06,0.004394792438101491
1845,READ,22104.23756140294,4.524019420358287e-05,8.824475099069682e-06,0.004941706055479022
1846,READ,23295.33164424252,4.2927055741108185e-05,8.383870028831478e-06,0.004694967216145628
1847,READ,17539.209882178115,5.701511109779904e-05,1.1050206130651897e-05,0.006188115433165063
1848,READ,16887.54296423324,5.921524535084456e-05,1.1462932082184408e-05,0.006419241966023268
1849,READ,13811.344790605533,7.240424557934426e-05,1.3916582123249793e-05,0.007793285989019884
1850,READ,18571.231104130282,5.384672639056211e-05,1.045411029281966e-05,0.0058543017639790095
1851,READ,13110.05639718107,7.627732251518158e-05,1.4630517547919e-05,0.00819308982683464
1852,READ,14583.532784429051,6.85704907570618e-05,1.3206957903881245e-05,0.007395896426173497
1853,READ,12966.826938656268,7.711986939679389e-05,1.47854334876164e-05,0.008279842753065184
1854,READ,13519.975107370085,7.396463322294687e-05,1.4204570567408968e-05,0.007954559517749022
1855,READ,11034.392543685477,9.06257409314533e-05,1.724971784821308e-05,0.009659841994999325
1856,READ,11200.95879080981,8.927807151834917e-05,1.7005416272377642e-05,0.009523033112531479
1857,READ,10441.228204101935,9.577417334937096e-05,1.817978831903766e-05,0.010180681458661089
1858,READ,13041.386883926829,7.66789612868915e-05,1.4704382847630492e-05,0.008234454394673076
1859,READ,9225.144267889353,0.00010839938877495657,2.0439146784612492e-05,0.011445922199382995
1860,READ,10285.878138926362,9.722067348003598e-05,1.8440185058155015e-05,0.010326503632566809
1861,READ,8894.886901869915,0.00011242413883753558,2.1153082218301898e-05,0.011845726042249063
1862,READ,11464.133178504966,8.722857493272855e-05,1.6633215636494407e-05,0.009314600756436867
1863,READ,7993.597429617925,0.00012510012029062084,2.338197485276481e-05,0.013093905917548292
1864,READ,81053.40325113427,1.2337544876451637e-05,-2.4846756618801767e-06,-0.001391418370652899
1865,READ,458680.5765605628,2.1801664406601768e-06,-4.365662889485173e-07,-0.0002444771218111697
1866,READ,139789.3982341105,7.153618318931904e-06,-1.4364782333089265e-06,-0.0008044278106529989
1867,READ,179677.27453577137,5.565534108771854e-06,-1.1165868871014904e-06,-0.0006252886567768346
1868,READ,44149.51808677309,2.2650303861404854e-05,4.473320414946906e-06,0.0025050594323702676
1869,READ,54750.26050947729,1.8264753275957466e-05,3.61596561212599e-06,0.0020249407427905546
1870,READ,35692.11668222903,2.801739131649472e-05,5.516919239588595e-06,0.0030894747741696134
1871,READ,32655.25239622222,3.06229450584705e-05,6.021330129129089e-06,0.00337194487231229
1872,READ,38887.80121483302,2.5715004931123974e-05,5.069991072779913e-06,0.002839195000756751
1873,READ,28231.41742269531,3.542153002902707e-05,6.946514548545522e-06,0.0038900481471854926
1874,READ,23281.437104897923,4.295267493558725e-05,8.388756060301102e-06,0.004697703393768617
1875,READ,26870.61488516947,3.721537464897849e-05,7.2911234705180176e-06,0.00408302914349009
1876,READ,23379.863751705623,4.2771848913236176e-05,8.354266426672992e-06,0.0046783891989368755
1877,READ,23295.331644156995,4.292705574126578e-05,8.383870028861535e-06,0.00469496721616246
1878,READ,21720.356870061765,4.6039759198355947e-05,8.976516900801579e-06,0.005026849464448885
1879,READ,16559.17863133692,6.038946872084465e-05,1.1682803498171165e-05,0.006542369958975852
1880,READ,19771.92715161896,5.057675927751526e-05,9.836745848465954e-06,0.005508577675140934
1881,READ,14403.776191717747,6.942623841760369e-05,1.3365610220145994e-05,0.007484741723281757
1882,READ,16129.300760645528,6.199896789326023e-05,1.1983725553775936e-05,0.0067108863101145244
1883,READ,13339.974811599439,7.496266028407154e-05,1.4388515282279599e-05,0.008057568558076576
1884,READ,199494.14650258582,5.0126784045116734e-06,-1.0053578207469793e-06,-0.0005630003796183084
1885,READ,12131.238393349828,8.24318150856046e-05,1.5758903410466187e-05,0.008824985909861065
1886,READ,13188.38081980017,7.582431942658689e-05,1.45471675989629e-05,0.008146413855419223
1887,READ,10513.883380800835,9.511233516495698e-05,1.806051166718504e-05,0.010113886533623623
1888,READ,10508.775098873799,9.515856896653613e-05,1.8068846662206477e-05,0.010118554130835627
1889,READ,9959.436313654518,0.00010040728897768911,1.901242557459039e-05,0.010646958321770619
1890,READ,12299.397787718306,8.130479371913319e-05,1.5552827846340913e-05,0.008709583593950911
1891,READ,9468.83488162063,0.0001056096143297459,1.994249604872152e-05,0.011167797787284052
1892,READ,10568.429251555768,9.462144053741865e-05,1.7971988272472485e-05,0.010064313432584591
1893,READ,8961.252826770673,0.00011159153963524156,2.1005639030786467e-05,0.011763157857240423
1894,READ,11671.256146644108,8.568058034503294e-05,1.635155029067673e-05,0.00915686816277897
1895,READ,8507.889675019931,0.00011753796043407878,2.2055848402187406e-05,0.012351275105224947
1896,READ,81418.17918993892,1.2282269266512569e-05,-2.4734665311989333e-06,-0.0013851412574714026
1897,READ,416860.22342151805,2.3988856307569224e-06,4.791334697697112e-07,0.00026831474307103826
1898,READ,77544.76471741615,1.2895777086230622e-05,-2.5979166232972107e-06,-0.001454833309046438
1899,READ,62786.19652728824,1.592706765674806e-05,3.157253488989574e-06,0.0017680619538341614
1900,READ,54387.757922147604,1.838649060384935e-05,3.6398209419821787e-06,0.00203829972751002
1901,READ,41562.219988358294,2.4060312473205307e-05,4.748087827642414e-06,0.0026589291834797518
1902,READ,53369.974373791905,1.8737127228059238e-05,3.708512795014289e-06,0.002076767165208002
1903,READ,49472.97830937541,2.021305436164724e-05,3.997363474213229e-06,0.002238523545559408
1904,READ,38180.63301432927,2.6191289170734752e-05,5.162538256048232e-06,0.0028910214233870096
1905,READ,28991.94836549285,3.449233516124194e-05,6.767743281303765e-06,0.0037899362375301083
1906,READ,27948.32817420911,3.5780315508202965e-05,7.015493815625984e-06,0.003928676536750551
1907,READ,24691.658437559858,4.049950725378755e-05,7.92027187024341e-06,0.0044353522473363095
1908,READ,23398.821742253283,4.273719467652567e-05,8.347655913616325e-06,0.004674687311625142
1909,READ,17832.45935342932,5.6077514614252706e-05,1.087402158443316e-05,0.00608945208728257
1910,READ,20240.50763696469,4.940587548178521e-05,9.6151499516569e-06,0.005384483972927864
1911,READ,17083.965259939738,5.853442012931882e-05,1.1335320436959594e-05,0.006347779444697372
1912,READ,17043.793365906586,5.867238463476927e-05,1.1361187662389953e-05,0.006362265090938374
1913,READ,14969.826260120013,6.680104248531091e-05,1.2878444140330932e-05,0.007211928718585322
1914,READ,17052.704636803894,5.8641724072424045e-05,1.1355439390159057e-05,0.006359046058489072
1915,READ,13244.565622955039,7.55026649018095e-05,1.4487960393873481e-05,0.00811325782056915
1916,READ,13451.367052293686,7.434188630139886e-05,1.4274124662750852e-05,0.007993509811140477
1917,READ,12565.482473590726,7.958309616059167e-05,1.5237535107940775e-05,0.008533019660446834
1918,READ,13386.777901439493,7.470057450437487e-05,1.4340229794536081e-05,0.008030528684940206
1919,READ,10860.657577137781,9.20754561036018e-05,1.7512126482135852e-05,0.009806790829996076
1920,READ,12565.977643602135,7.957996014016004e-05,1.5236960280629766e-05,0.00853269775715267
1921,READ,9955.780036118134,0.00010044416372922506,1.9019036087961892e-05,0.01065066020925866
1922,READ,12500.936636805594,7.999400597358226e-05,1.5312837475713796e-05,0.008575188986399725
1923,READ,9309.245265803114,0.00010742009383654685,2.0264974130595278e-05,0.011348385513133356
1924,READ,10541.266411723218,9.486526200380192e-05,1.801596255619944e-05,0.010088939031471686
1925,READ,8827.28644539988,0.00011328509686248201,2.130541143740292e-05,0.011931030404945635
1926,READ,11164.497491847553,8.956963810777975e-05,1.7058300378252194e-05,0.00955264821182123
1927,READ,8830.453415710681,0.00011324446808369458,2.1298226096877323e-05,0.011927006614251301
1928,READ,72521.22301105945,1.3789066958337154e-05,-2.7792746097333945e-06,-0.001556393781450701
1929,READ,335109.93435560516,2.9840953594017907e-06,5.958233953360926e-07,0.00033366110138821186
1930,READ,455427.87804431806,2.195737345491813e-06,4.3860815085211927e-07,0.0002456205644771868
1931,READ,412646.49176358443,2.423381804910449e-06,4.840195011128474e-07,0.00027105092062319454
1932,READ,46245.598328902284,2.1623679574603455e-05,4.272993127757983e-06,0.0023928761515444705
1933,READ,48447.586147732734,2.0640863240341197e-05,4.081000835199322e-06,0.0022853604677116205
1934,READ,121875.82960772864,8.205072352890765e-06,-1.64858947630078e-06,-0.0009232101067284368
1935,READ,34161.79329017615,2.9272467973382658e-05,5.7600711555582606e-06,0.003225639847112626
1936,READ,22715.24681962381,4.402329448324969e-05,8.592819726035135e-06,0.004811979046579676
1937,READ,37823.76461980604,2.6438404797928545e-05,5.210536329122858e-06,0.0029179003443088004
1938,READ,24963.967920999276,4.0057734538218844e-05,7.83577226781634e-06,0.00438803246997715
1939,READ,21949.545638894793,4.5559029624193725e-05,8.885119371508553e-06,0.00497566684804479
1940,READ,419262.22672173387,2.385142128875121e-06,-4.776664350842309e-07,-0.00026749320364716927
1941,READ,20455.347044657796,4.88869730646376e-05,9.516854495669201e-06,0.005329438517574753
1942,READ,102194.86049455646,9.785227898552357e-06,1.9463799477455884e-06,0.0010899727707375294
1943,READ,16181.901465179388,6.179743475461301e-05,1.194607437010483e-05,0.0066898016472587045
1944,READ,255078.48131339316,3.920362058183126e-06,7.823548276944087e-07,0.00043811870350886887
1945,READ,15439.36612418098,6.476949843386446e-05,1.2500495235103457e-05,0.007000277331657936
1946,READ,16451.621527093623,6.0784281862619656e-05,1.1756668797355342e-05,0.0065837345265189915
1947,READ,12204.805322203103,8.193494067298149e-05,1.5668080707202013e-05,0.008774125196033126
1948,READ,15388.396440101338,6.498402896575068e-05,1.2540445727641393e-05,0.0070226496074791795
1949,READ,11762.005560987876,8.501951430092771e-05,1.623112398465479e-05,0.009089429431406683
1950,READ,16950.32593850522,5.8995915690821576e-05,1.1421831935189732e-05,0.00639622588370625
1951,READ,10897.514148384413,9.17640469545298e-05,1.7455793412936904e-05,0.009775244311244666
1952,READ,11617.530536547776,8.607681269733562e-05,1.6423691108780276e-05,0.009197267020916954
1953,READ,10184.56025997687,9.818784262387692e-05,1.8614070297971466e-05,0.01042387936686402
1954,READ,12384.557697014183,8.074571772886907e-05,1.5450508598384355e-05,0.00865228481509524
1955,READ,9556.166320084725,0.00010464447420700962,1.977033529024906e-05,0.011071387762539473
1956,READ,10384.819680510818,9.629440190249033e-05,1.827348515902325e-05,0.010233151689053019
1957,READ,8872.97004586013,0.00011270183431607222,2.1202229947478154e-05,0.011873248770587767
1958,READ,10945.822877712964,9.135905186590608e-05,1.7382502940089966e-05,0.00973420164645038
1959,READ,9605.674197190772,0.00010410513405633256,1.9674051727456396e-05,0.011017468967375581
1960,READ,442085.1637914216,2.262007599223135e-06,4.5182917686691775e-07,0.00025302433904547396
1961,READ,233060.2987808081,4.290735081140929e-06,-8.602139483207802e-07,-0.0004817198110596369
1962,READ,93540.50799041206,1.0690555583710325e-05,-2.1509884633091437e-06,-0.0012045535394531205
1963,READ,69326.27378463908,1.4424545636283344e-05,2.861792297244495e-06,0.001602603686456917
1964,READ,47539.72786302522,2.1035038376350615e-05,4.158027683016107e-06,0.00232849550248902
1965,READ,55300.829958383176,1.8082911246586232e-05,3.5803263243493126e-06,0.002004982741635615
1966,READ,59844.35087707211,1.671001498627877e-05,3.3110197708608223e-06,0.0018541710716820604
1967,READ,27173.443173549,3.680063632765588e-05,7.211509899742693e-06,0.004038445543855908
1968,READ,35596.05241162901,2.8093002798066063e-05,5.531577333804097e-06,0.0030976833069302945
1969,READ,25731.604548073024,3.8862714454193935e-05,7.6069910314643955e-06,0.004259914977620061
1970,READ,28518.970027253814,3.5064379921307185e-05,6.877822694976924e-06,0.0038515807091870774
1971,READ,29841.489099538936,3.351039208078428e-05,6.578625124090819e-06,0.0036840300694908584
1972,READ,25830.317522965466,3.8714196955221726e-05,7.5785370837601844e-06,0.0042439807669057035
1973,READ,18621.858100511643,5.3700334016213164e-05,1.0426518586052169e-05,0.005838850408189215
1974,READ,26800.50965465166,3.731272326108298e-05,7.309805355398315e-06,0.004093490999023056
1975,READ,16886.230659853918,5.921984723194886e-05,1.146379432321885e-05,0.006419724821002557
1976,READ,19161.134714443615,5.218897601331525e-05,1.0141404280024591e-05,0.005679186396813771
1977,READ,14435.05414463617,6.927580527098914e-05,1.3337731099259907e-05,0.007469129415585548
1978,READ,15370.506041454786,6.505966669561597e-05,1.2554528994845155e-05,0.007030536237113287
1979,READ,13920.803036709745,7.183493634404264e-05,1.3811388739490997e-05,0.007734377694114958
1980,READ,16191.977466457447,6.175897922730894e-05,1.1938889029695798e-05,0.006685777856629647
1981,READ,11878.076253790538,8.418871698023319e-05,1.6079657007975768e-05,0.00900460792446643
1982,READ,14938.005717339995,6.694334029067902e-05,1.2904886192952514e-05,0.007226736268053408
1983,READ,11129.832385462665,8.98486127523501e-05,1.7108885175181606e-05,0.0095809756981017
1984,READ,11310.906073931686,8.841024701855725e-05,1.684791360949243e-05,0.009434831621315762
1985,READ,10063.989783343171,9.936417082369181e-05,1.8825319308342157e-05,0.010542178812671608
1986,READ,12703.076502019863,7.87210877491759e-05,1.5079457618263876e-05,0.00844449626622777
1987,READ,9697.683384936305,0.00010311741065431454,1.9497579764813723e-05,0.010918644668295684
1988,READ,10696.967039848829,9.348444248493563e-05,1.776677494852875e-05,0.0099493939711761
1989,READ,9044.438229809151,0.0001105651865368648,2.082370620899648e-05,0.01166127547703803
1990,READ,11399.450693774188,8.772352518232744e-05,1.6723176099059077e-05,0.009364978615473083
1991,READ,8196.711064696996,0.00012200015251324057,2.2839625348186648e-05,0.012790190194984523
1992,READ,152173.38679366492,6.571451296907264e-06,1.309471388008896e-06,0.0007333039772849818
1993,READ,300411.27289597696,3.3287698905568992e-06,6.645152478360448e-07,0.00037212853878818507
1994,READ,112005.7213663128,8.928115348050096e-06,-1.794595589207204e-06,-0.0010049735299560343
1995,READ,127236.98990471504,7.859349712287895e-06,1.5649820872081515e-06,0.0008763899688365649
1996,READ,80798.24042176489,1.237650714644309e-05,2.4582635878454443e-06,0.0013766276091934488
1997,READ,58717.46663210455,1.7030707511029382e-05,3.3739633517279977e-06,0.0018894194769676787
1998,READ,139282.03821594475,7.179676667637406e-06,1.4301851042185117e-06,0.0008009036583623665
1999,READ,29450.769151563447,3.3954970576614407e-05,6.664274380637817e-06,0.0037319936531571775
2000,READ,29576.842692372924,3.381023493281361e-05,6.6363952601649375e-06,0.003716381345692365
2001,READ,28910.59683119694,3.4589393150158584e-05,6.786425166262134e-06,0.003800398093106795
2002,READ,25208.772208679206,3.966873085773321e-05,7.761332141879768e-06,0.00434634599945267
2003,READ,23933.48788910591,4.178245998382801e-05,8.16543568255769e-06,0.004572643982232306
2004,READ,20104.613337123625,4.973982753269257e-05,9.678380947041649e-06,0.005419893330343323
2005,READ,21416.380796115245,4.669323026705762e-05,9.100679582115446e-06,0.00509638056598465
2006,READ,22484.013185066746,4.447604579169043e-05,8.679043810372682e-06,0.0048602645338087025
2007,READ,17505.847761292018,5.7123768790629256e-05,1.1070612497273506e-05,0.006199542998473163
2008,READ,16665.11925193627,6.00055712102878e-05,1.1610950094149165e-05,0.006502132052723532
2009,READ,15134.448251455633,6.607442725266313e-05,1.2743359740693678e-05,0.00713628145478846
2010,READ,14918.700455982782,6.702996705044603e-05,1.2920981355556667e-05,0.007235749559111734
2011,READ,13228.153775925446,7.559633921250207e-05,1.4505205210954809e-05,0.008122914918134693
2012,READ,61553.543967851336,1.6246018271868925e-05,3.2199096561535084e-06,0.0018031494074459648
2013,READ,12359.56312347173,8.090900867692691e-05,1.5480399614801855e-05,0.00866902378428904
2014,READ,15440.101878541689,6.476641202670935e-05,1.2499920407896102e-05,0.006999955428421817
2015,READ,10118.9341030275,9.882463803186626e-05,1.8728460918519908e-05,0.010487938114371148
2016,READ,11701.213031256037,8.546122503101352e-05,1.6311599797684295e-05,0.009134495886703205
2017,READ,10386.713603893777,9.627684348831179e-05,1.8270323609166082e-05,0.010231381221133005
2018,READ,12423.442535230255,8.049298712206473e-05,1.5404235006032097e-05,0.008626371603377975
2019,READ,9491.578615026441,0.00010535655243026338,1.9897372110388045e-05,0.011142528381817306
2020,READ,10911.680436006263,9.16449126112793e-05,1.74342373914338e-05,0.009763172939202928
2021,READ,9051.46919532111,0.00011047930213549426,2.0808473287035094e-05,0.011652745040739652
2022,READ,10575.374385850002,9.455930007906045e-05,1.7960779141305297e-05,0.010058036319130966
2023,READ,10053.29531555089,9.946987217744961e-05,1.8844288607229703e-05,0.010552801620048633