16384	7542.428121105216	499761.7917989333	25
16384	7464.503133495396	45217.17807468432	50
16385	6880.929739043264	541687.1252723758	25
16385	6887.38023495389	114449.88735353484	50
16386	6960.4623780478805	655212.3058651434	25
16386	7016.882192633919	183347.1822889483	50
16387	7055.940402378336	182751.83251660637	25
16387	6774.733879411452	247072.869465899	50
16388	8292.515032351797	8322.119819527135	25
16388	8020.069669731933	8014.043675448307	50
16389	8465.665878459144	8757.775245877385	25
16389	8500.215433509644	8486.904934218119	50
16390	7318.056420285233	55693.705599945126	25
16390	6950.23543128991	646721.4227571483	50
16391	6728.638290763064	120063.26364843162	25
16391	6970.717215544963	138437.64256273137	50
16392	6647.483183494565	185795.5322664501	25
16392	8396.659519407867	12798.556503984246	50
16393	7513.568114289267	1087931.8125766674	25
16393	7408.723844755689	7107.6347453552935	50
16394	6576.522325873267	109823.17220227087	25
16394	7031.595861301288	156759.64468500073	50
16395	7271.42026760547	955224.95411863	25
16395	7531.216888984007	219367.24634583993	50
16396	6857.373218604821	522606.87820065464	25
16396	8289.58791306853	27412.014723091852	50
16397	7838.638804030941	59598.91197812384	25
16397	7203.531453800446	73451.63721647432	50
16398	7002.061087891913	364519.8744880518	25
16398	6956.64430917908	1025471.1970830306	50
16399	7395.7867247049235	79734.58213829382	25
16399	7057.190911874551	106508.05081550922	50
16400	7610.353425782727	53244.87634808023	25
16400	7105.185346967983	44479.41244847512	50
16401	7588.921246456951	492700.6856696134	25
16401	7289.08744002704	650929.3252282693	50
16402	6846.320781762944	46912.97009206956	25
16402	6981.817359567294	16421.730729343442	50
16403	7344.0066817648	39033.69592060668	25
16403	7273.888882408981	569326.6209416518	50
16404	7076.249342834317	199096.8399670667	25
16404	6726.882820911263	635500.122069383	50
16405	7059.693163245265	4115692.5758824963	25
16405	7061.946595471536	226419.47690393345	50
16406	7035.075962286971	56604.07548330761	25
16406	6861.170223132098	416360.034974214	50
16407	7034.081322173125	290508.49544483575	25
16407	7003.45837895199	507348.60949347663	50
16408	7165.864094739067	290026.0415518473	25
16408	8931.253810298072	464483.6391517762	50
16409	7802.907668296368	7127.7110681952945	25
16409	7889.322060300423	329850.2790763421	50
16410	8185.375737199985	43268.11522231984	25
16410	7016.38721987176	149473.08557915434	50
16411	7207.431112497671	137031.5412162308	25
16411	7193.410642702178	128101.7747913305	50
16412	6510.391750571805	108593.81672725838	25
16412	6859.587665594354	125227.18631515684	50
16413	7154.387035000094	217369.8188337111	25
16413	6970.065283390423	718266.239120891	50
16414	6434.068823639634	410626.38234356185	25
16414	6737.198767524025	2839085.870929845	50
16415	7375.645044612868	400500.72918695677	25
16415	7515.816861132428	212956.45958175024	50
16416	7046.865684369083	450970.8441051475	25
16416	6789.06451673818	839799.2557858983	50
16417	6965.586303347933	438731.90137475496	25
16417	7139.960767039137	1591609.957050751	50
16418	7240.431008709124	199835.96293611903	25
16418	8485.02342201123	25718.697062917952	50
16419	7436.929755555664	7326.627963682262	25
16419	7528.865530671764	7663.361241646808	50
16420	6999.842921724974	178942.61301857283	25
16420	8460.167064305628	9807.412393955561	50
16421	7638.075299916709	161231.8194661961	25
16421	7345.623023734661	160677.2621227566	50
16422	6654.282974430969	40966.47282717899	25
16422	6901.9148173286085	89775.78637405946	50
16423	6991.966636777515	83724.99003539434	25
16423	7154.387035021534	439009.3983907257	50
16424	6946.994595728417	606210.8677931099	25
16424	7107.634745441682	94621.39202819273	50
16425	7325.823589238977	75068.4456993724	25
16425	7351.82513032625	161643.4537186801	50
16426	7123.9758749616385	275827.2563167014	25
16426	7106.705479017956	190325.79403392837	50
16427	7020.183664569455	526950.8585443998	25
16427	6885.70681046928	171577.49556331325	50
16428	8587.036237562623	217643.16636512984	25
16428	8750.295199653507	27152.45813461662	50
16429	7606.038809791676	300541.504048461	25
16429	7379.900759453425	101571.25568566538	50
16430	8052.991492949415	26181.21413429098	25
16430	8438.238646977594	23684.303667480122	50
16431	7617.074120568316	110776.87486330661	25
16431	7289.618686867199	149472.69788621287	50
16432	6953.073458738992	36958.69918272209	25
16432	6819.850574458078	46508.37233255039	50
16433	6867.110831478333	269567.01497985196	25
16433	6997.215668618629	181211.78911078462	50
16434	6842.223975424144	347286.13306721405	25
16434	8684.493734017844	22026.260178254153	50
16435	7473.860230877988	242266.79898720677	25
16435	7128.900300449499	178690.88303165653	50
16436	7893.222424098396	9518.365335318198	25
16436	8015.628642652451	8258.075581583069	50
16437	9263.407929712106	9843.527113524488	25
16437	9132.193913011197	9800.620573899841	50
16438	7044.787375108427	3699803.668875433	25
16438	7088.6717337893215	7813528.937721297	50
16439	6915.381800023645	175182.42844043355	25
16439	6861.170223167253	1233122.5525402457	50
16440	6950.965004956356	651537.7458647225	25
16440	6990.819382888774	83688.13384413706	50
16441	7238.944796854252	444647.0608675637	25
16441	7475.344545957783	108062.9937845613	50
16442	6781.853473870787	130872.37221197592	25
16442	6723.298184649887	39353.91471462865	50
16443	7768.775006026113	95649.6736536706	25
16443	7367.779471001916	53571.34568769947	50
16444	7324.036677757342	872623.5787805868	25
16444	7008.641080939616	564948.2367185517	50
16445	7893.325113892422	114189.52287921819	25
16445	7732.448606326652	15482078.740325583	50
16446	7307.9018809576055	235335.13933184475	25
16446	7567.696143976521	125536.25530690886	50
16447	7446.222621483104	156588.39202741356	25
16447	7576.534413148506	479989.8763546098	50
16448	7053.274020627106	168705.98110719904	25
16448	7030.436536226673	3978095.0179409115	50
16449	7287.67113337823	203083.8159919561	25
16449	7265.607541210854	145016.08434881194	50
16450	8761.270048894297	23226.020429207543	25
16450	8841.491149241583	43111.331340032244	50
16451	7474.416784783276	1385473.8980246568	25
16451	7371.755512464818	44491.0761167443	50
16452	6684.777481181764	249798.63433083406	25
16452	6534.395576463029	5850696.654709258	50
16453	7255.061024631859	150338.10638224406	25
16453	7344.0066817552115	1713163.9737689742	50
16454	7064.8696958278615	101831.98555618458	25
16454	7156.183424928885	813263.2127314205	50
16455	7602.68614652991	131880.64923277925	25
16455	7273.359762477778	123244.7091038195	50
16456	7246.819421184051	107324.59656039019	25
16456	6702.697923886925	171808.6615398536	50
16457	6990.327809336425	142400.33194493427	25
16457	7167.837472508161	148774.90965235877	50
16458	6932.445381131831	1959324.7942983455	25
16458	7274.682696233615	1445980.255811883	50
16459	7059.693163233876	772069.4165127906	25
16459	7066.875403670477	1338888.927362072	50
16460	7100.712901329552	454200.7577839125	25
16460	6694.823196838388	94114.3314718686	50
16461	7248.922007403861	114992.18335990536	25
16461	6970.228255821672	65819.64425325661	50
16462	6841.121763304901	104560.40296461369	25
16462	6685.305509426569	146244.5610190199	50
16463	7395.33195788002	210856.8379893261	25
16463	7142.858755979375	95494.00050701297	50
16464	6940.44046278312	161752.8833196755	25
16464	7081.532316610456	1217211.5718515213	50
16465	7334.32249238537	94685.00765249244	25
16465	7143.711520794857	116306.39195365805	50
16466	7443.920396307657	88916.22569124293	25
16466	7202.925192126679	1994729.717980641	50
16467	7871.8148725804695	1298934.9277406386	25
16467	7432.6127036730195	98445.26902254455	50
16468	6969.3319945921185	807592.3146080552	25
16468	6734.903811540713	1283193.410198999	50
16469	7054.773630586586	145689.1904596585	25
16469	7178.752126939095	231057.94302700475	50
16470	6561.185496777201	2115975.052280617	25
16470	6799.090414353846	783351.9929508285	50
16471	7210.380120462995	144304.8394583684	25
16471	7330.204947562818	226053.52855343913	50
16472	6857.6104175291375	93640.13009659274	25
16472	6589.941245370396	356144.98243806115	50
16473	7602.1116807044045	110214.42655394383	25
16473	7367.056982579176	942274.8528550661	50
16474	6938.904730304717	570730.2222465645	25
16474	7241.305515618127	177955.12728474406	50
16475	7367.96011367249	195919.75809843387	25
16475	7200.847299365223	1420836.1516701574	50
16476	6994.262190712704	101541.93860086749	25
16476	7328.505475758537	1615282.6251312606	50
16477	7022.165929066032	28985.674612007206	25
16477	7086.990670982668	840815.3458775704	50
16478	9268.263993638699	13439.809553970304	25
16478	9022.48312728537	9958.00529353252	50
16479	7967.497034288735	8849.881926633609	25
16479	6851.763934815933	235970.5365726705	50
16480	8842.126290325448	9922.355899460379	25
16480	9414.781970731407	10879.43227371743	50
16481	6902.95517297649	6800.647266911826	25
16481	6941.248995710846	6833.729688997908	50
16482	6837.42387948746	54081.41517581239	25
16482	6797.223060292829	415269.70970675186	50
16483	6744.092307407434	31307.540197464376	25
16483	6867.66577348776	15844.064354798815	50
16484	7382.438249254315	310665.81105874834	25
16484	7174.36537429046	202845.63249980664	50
16485	7711.551652267606	256678.74332600768	25
16485	7274.329870212865	193911.30693079883	50
16486	6848.292014849567	240103.4634941734	25
16486	7060.277258428927	1132668.3327829412	50
16487	6930.106614239075	638995.3725285125	25
16487	6811.641797669002	672274.5663490482	50
16488	6928.575110207834	75706.69175963808	25
16488	8171.549064895031	8631.984194768478	50
16489	7737.39253026458	271962.27080207324	25
16489	7627.561243244891	99264.45676263278	50
16490	6670.098995255434	180325.08535029166	25
16490	7062.865042621265	673037.4415994085	50
16491	6983.779606250036	271118.07867457025	25
16491	7022.083314045236	155846.63488326507	50
16492	6729.859986082012	339022.5088461177	25
16492	7202.925192147985	250425.09862359116	50
16493	6848.68638740031	806936.953588771	25
16493	7119.481481214984	377322.81256942847	50
16494	6981.326957383964	105060.18355648579	25
16494	6893.123405208134	691115.1634700838	50
16495	7392.968008146416	57737049.301370405	25
16495	7239.906398672625	121960.48903564847	50
16496	6718.879449580901	60203.01985409575	25
16496	7066.373877794728	215274.373719513	50
16497	6715.911244637123	56272.59621782932	25
16497	7020.926892263009	128541.02818879264	50
16498	7059.860038454895	166361.74351767314	25
16498	6932.284039940306	366427.6901929594	50
16499	6711.729426420097	25995.483279254415	25
16499	6684.626630127077	85136.65075643154	50
16500	6958.593476900608	73815.52309917947	25
16500	6921.329118762267	1238862.185849509	50
16501	6985.088338055446	161719.10742213178	25
16501	7519.286134580115	633163.3481810377	50
16502	6975.691912887902	90915.81214487058	25
16502	7309.5924858956805	58396.044862069364	50
16503	7223.243110397693	210793.30318609407	25
16503	7233.7911580839755	717524.4563007343	50
16504	7064.702601144945	2210009.0650694314	25
16504	6892.564652718659	161153.41903087142	50
16505	7323.768710845178	103407.70536187655	25
16505	7256.553385823375	127921.27294297983	50
16506	6775.816405101774	405378.1370332844	25
16506	6910.325988979843	178000.93503804549	50
16507	6939.470453343229	167036.06523971568	25
16507	7296.354042820888	688205.3769328488	50
16508	7030.105365543576	209857.3883192094	25
16508	6899.115301015637	276338.86097817065	50
16509	7555.752299442019	144991.0509727058	25
16509	7442.079569340932	245155.4393240896	50
16510	6894.640441479614	139483.64074989315	25
16510	6700.045867545847	100454.70029778435	50
16511	9120.194126494322	654028.098579551	25
16511	9499.134330106654	38791.87572300708	50
16512	6910.085406664176	183042.0319296331	25
16512	7288.202188489174	127377.96702501609	50
16513	6815.15760766846	6947.318553393822	25
16513	7588.157890857565	302721.1055219324	50
16514	6909.524108059637	63960.900098796825	25
16514	6999.514415224756	61770.52863611975	50
16515	6759.688991506464	543799.3389940816	25
16515	6747.160285330175	320253.5308200061	50
16516	6817.816222464223	10241665.22759596	25
16516	6770.484191180867	111494.01457964793	50
16517	7732.942733602862	1069909.9508048422	25
16517	6979.36598631461	51361.994022027226	50
16518	6823.374220869203	59093.50717451722	25
16518	7097.84653225638	7651770.360191833	50
16519	8001.911697030366	108129.46702729729	25
16519	8052.884887283166	105898.59611610514	50
16520	7332.97934255799	193486.61367833512	25
16520	7504.398713966655	210112.20408195554	50
16521	7527.549366834688	159922.68132586297	25
16521	7343.916904339562	484343.13191040757	50
16522	7026.547104778562	162164.66761999126	25
16522	6958.349775614205	120682.13646378156	50
16523	6977.487679071399	140639153.60977262	25
16523	6873.696201127632	133817.03201129215	50
16524	6652.637893213265	39885.17067565332	25
16524	7074.489974430586	96033.03669056256	50
16525	7585.105898049743	76090.79480781817	25
16525	7616.7858640327695	149664.14552514197	50
16526	8974.559584663039	75756.87793759174	25
16526	9099.50049047198	79048.4110597162	50
16527	7638.654839519748	266262.6060092628	25
16527	7503.83799868919	280028.2099680706	50
16528	7286.166867470462	35409.16129373474	25
16528	7197.127188681636	30915.46716772328	50
16529	7737.293594027464	378961.8489224986	25
16529	7258.661219278719	137353.47462962885	50
16530	7309.681485235776	612505.4742331962	25
16530	7540.353115987242	345054.6696587886	50
16531	7116.601052480732	132728.69219231955	25
16531	7292.275999928033	360746.3616597235	50
16532	6749.539741537257	2252918.225982732	25
16532	6985.415591957317	94307.93813251924	50
16533	7493.665228865797	76585.91919125021	25
16533	7118.549341310288	92776.54944129741	50
16534	7160.121299301107	85639.55864656188	25
16534	6879.100153134563	132753.80047291637	50
16535	7805.421073310412	114767.65276137399	25
16535	7692.423173147628	7669.098851448007	50
16536	7074.825029721518	269445.3520988063	25
16536	7373.654574941287	341176.2654703226	50
16537	7536.677308602472	111419.81420645565	25
16537	7975.341820479001	7462.3753554601435	50
16538	7466.076564570256	4902791.352312341	25
16538	7201.1069751183295	112023.57282945035	50
16539	7578.723187245496	352369.7138797012	25
16539	7037.5637027909825	126032.01863093846	50
16540	7009.958453892029	417007.02797557414	25
16540	7254.885490215037	87608.5129761775	50
16541	7459.7865395054805	1846601.1394471666	25
16541	7625.731277264961	1164309.0654455945	50
16542	7412.010366332001	158856.486090658	25
16542	7425.091975366876	150531.7871459474	50
16543	7500.568712995178	231516.9578562678	25
16543	7594.077640251476	184065.00603749056	50
16544	7842.188136709148	372545.534692054	25
16544	7516.847955450969	63256.75938099183	50
16545	7576.534413185823	71925.15548402163	25
16545	7518.5357688165195	531016.4409969512	50
16546	7954.7669428349145	124706.3801754527	25
16546	7932.528677186583	2004502.670390837	50
16547	7136.469032260958	88310.57966445135	25
16547	7423.900964429947	99264.45676504745	50
16548	6787.74531129146	135189.94058128566	25
16548	7675.331759346143	329269.68808653386	50
16549	7256.377784355413	127096.32311395349	25
16549	7614.480543162798	160517.0544384645	50
16550	7018.532569033071	221543.31757273598	25
16550	8471.523045465165	10744.1468553939	50
16551	7817.506477380064	188328.77027328074	25
16551	7472.932812361083	133536.9169750925	50
16552	7214.460379452513	666489.1765260588	25
16552	7159.008014357889	239281.6873675589	50
16553	8094.55458190949	152596.09350600434	25
16553	7459.878968494479	1266826.5244307034	50
16554	7578.913571033912	90377.86343706897	25
16554	9462.768010088002	10556.873259521208	50
16555	8699.74764891662	10278.613997650986	25
16555	7660.8353424220695	919858.8081946637	50
16556	7005.102911999081	305575.20168568153	25
16556	8910.972539387323	11071.214257872933	50
16557	7544.976171737177	292699.58997739607	25
16557	7636.723359473379	268410.36072681734	50
16558	7307.012380575467	18337855.441241443	25
16558	7716.17537605416	1625086.0892135915	50
16559	7705.951084873715	274742.6505695135	25
16559	7485.098990637968	135261.56726724864	50
16560	7255.061024667229	392385.28159349144	25
16560	7022.165929101686	663317.9274379553	50
16561	7470.337179286186	109323.19856767825	25
16561	7565.608178213132	7982.362045784932	50
16562	6942.623901770415	10394636.539674278	25
16562	7562.004217555521	1180763.7506512774	50
16563	7433.806315473403	371300.86353191745	25
16563	7448.987040339952	154445.29331804102	50
16564	7332.442210686805	56156.79143620656	25
16564	8926.4663285988	15953.845086876765	50
16565	7982.6766543344	267383.3066267212	25
16565	7842.289590296634	707773.558099554	50
16566	7059.526295330634	251194.0334612027	25
16566	7321.893452617378	183381.7613558411	50
16567	7487.145780660622	542635.1253875853	25
16567	7570.070135187575	359631.20359073003	50
16568	7455.629441065564	806003.5907290211	25
16568	7312.708660742709	47915.00824778304	50
16569	7285.90146864779	252141.48559860635	25
16569	7338.085744802735	131081.01582138016	50
16570	7317.9672314207355	3363055.4876107485	25
16570	6992.048596804752	224779.87217689873	50
16571	8322.913503146696	124446.01258965633	25
16571	7944.256818377782	7586.154762649375	50
16572	7378.179814554496	164024.83338928432	25
16572	9240.441512140678	12602.724187667787	50
16573	7853.261017236988	2090560.68463755	25
16573	7670.364147159553	108781.91543277682	50
16574	6837.502519374511	340843.1360199648	25
16574	7231.086042575409	125513.81367723239	50
16575	7614.960711126589	111331.57739005897	25
16575	7892.2983283234935	224313.3563833255	50
16576	7109.578485095781	180321.68515779442	25
16576	7087.410867420541	1099957.451143239	50
16577	7441.803518290973	341844.48513851204	25
16577	7409.910331560748	865960.6724666745	50
16578	7314.0449198759825	345738.2084825156	25
16578	7161.234905372792	168929.23576560678	50
16579	7702.515896680641	450679.4947239573	25
16579	8064.9480427891995	158282.0073349342	50
16580	7664.4303586430215	57235.536376772194	25
16580	7472.3764640282425	39305.8946800389	50
16581	8288.800173191477	171680.66665608523	25
16581	7779.8550111528275	687694.5930618985	50
16582	7705.263818715157	48002.965932440915	25
16582	7439.963664778791	132847.65289480356	50
16583	7896.612504634577	73808.95722848477	25
16583	8371.827188845084	135837.66843799528	50
16584	7569.880164895994	198306.96868094415	25
16584	7615.34488612907	354643.04021429515	50
16585	7285.547631512115	145593.10440491856	25
16585	7349.846590610783	134871.57616433554	50
16586	7469.595877918156	490966.5110619346	25
16586	7279.890573994846	73759.91851167832	50
16587	7374.921121901748	482475.7869599237	25
16587	7317.878044619476	605684.1907780858	50
16588	7408.358842935658	791044.1018434878	25
16588	7575.012481933352	443214.32304964005	50
16589	7601.824478034457	215534.507504409	25
16589	7920.316069088471	134767.95962246272	50
16590	7569.405277888306	132924.42613954563	25
16590	7866.4033866522	39953.45819198195	50
16591	7839.652593065051	319623.6895809966	25
16591	7631.127210120348	242350.78479448456	50
16592	7891.374434573105	1747606.1780278778	25
16592	7807.835363802389	42730.96760880125	50
16593	8216.923179487207	61310.54731842633	25
16593	8431.727372264915	46013.77969424425	50
16594	7030.684933196449	5269035.171659905	25
16594	7458.400361048196	99997.22971852664	50
16595	7633.924329293564	1233122.5522276608	25
16595	7644.841697333892	202489.51482049556	50
16596	7392.331800100044	36787.53771419284	25
16596	7477.8505718567885	679621.6363326662	50
16597	7620.342448988561	2818406.844463002	25
16597	7219.936389089311	530559.1646621911	50
16598	7839.855380234048	44719.73124821069	25
16598	8152.41772493443	46463.842342133845	50
16599	7769.273472114866	40474.268829946835	25
16599	7609.681963915392	45998.199063988664	50
16600	7566.082621680386	1762466.642099654	25
16600	7586.250127384791	304702.1018557352	50
16601	7673.188132507588	48746.221225230176	25
16601	7738.777885572799	72803.99017829035	50
16602	7529.805909949734	179432.72871318203	25
16602	7657.825720579594	3825069.082860862	50
16603	8028.117517143575	159036.32331361307	25
16603	7945.08835723242	6507106.434336667	50
16604	7735.117593252611	593313.1297720581	25
16604	7557.645803434294	156304.98980990888	50
16605	7847.365395219815	161009.53621311436	25
16605	7750.472858892734	616857.1128047995	50
16606	7991.600203756247	316309.1958327518	25
16606	7864.567103308131	151042.0412091278	50
16607	7970.9469629574	191628.43347347094	25
16607	8171.110838884722	122985.69609511932	50
16608	8314.756667065043	34451.795935080765	25
16608	8058.5386229450105	38685.34566072731	50
16609	7279.272328238949	20635.216777239435	25
16609	7496.369238796059	17703.570872959317	50
16610	7551.589698395418	143625.1176717765	25
16610	7260.945988747056	806936.9533363662	50
16611	7558.214026961378	173361.16274809252	25
16611	7722.67699774062	600467.3686071674	50
16612	7903.297894928202	122862.2841374469	25
16612	7615.729097218446	454496.6849258544	50
16613	7596.562676459451	313173.4639025394	25
16613	7771.068444081366	234781.97377428378	50
16614	7826.795628126993	930916.1885342624	25
16614	9199.75470548913	233371.4454758736	50
16615	7942.386450360273	211202.0916572363	25
16615	8143.155576984791	389923.11812381947	50
16616	7836.611959998458	87267.42561111874	25
16616	8421.63031283172	31498.39849941966	50
16617	8281.042806435249	267998.5917745745	25
16617	8056.4042659842	108885.66944192068	50
16618	8249.479665789131	220344.68459419633	25
16618	8722.104030218597	726968.2901211064	50
16619	7539.033211439981	17671.033443811357	25
16619	7727.5105704804355	15379.993904344223	50
16620	9392.526401916744	13083.789502205193	25
16620	9052.929742415005	13291.830191285722	50
16621	8183.17810428058	114823.91316073749	25
16621	8046.599824525398	191996.3834488757	50
16622	7516.28550775876	98325.33705533999	25
16622	7918.146319619542	82359.08352630984	50
16623	8278.909107632238	561762.0413984384	25
16623	8194.507731761878	217748.7004639836	50
16624	7936.054094750922	250648.72798101415	25
16624	8040.32392788753	42612.78939601526	50
16625	7614.8646730575365	3253040.5107822716	25
16625	7756.0345569234905	1280829.451977778	50
16626	8104.145005556207	643122.1156977952	25
16626	8193.406481134696	200031.183454349	50
16627	8315.6622423815	291965.5549036921	25
16627	8417.111402231132	484486.63503537426	50
16628	7411.827710629597	123158.24974402032	25
16628	8693.713880408688	11149.10921304135	50
16629	8184.386665673828	111863.11530063167	25
16629	8185.48564779845	9068.492167010127	50
16630	7965.303077626708	159144.6721242622	25
16630	9623.973557491814	12071.341517112312	50
16631	8056.404265977171	221752.88144593098	25
16631	8324.047583040163	8163.55835830947	50
16632	7828.00877550535	1013737.9539510587	25
16632	7876.619555578836	200408.27460450586	50
16633	7841.883790624801	121541.22949119756	25
16633	7815.691441118261	88916.22569039176	50
16634	8113.108057470714	168418.2572455285	25
16634	7675.916578535169	286693.30191358435	50
16635	7989.708955359012	634921.2977937114	25
16635	8066.551887572054	229390.38578393418	50
16636	9522.600184921337	55309.799944566796	25
16636	9440.010613595392	9843.216045310473	50
16637	10133.375284771608	10855.224436877568	25
16637	9913.993624904886	10490.845416819973	50
16638	8015.628642573343	153162.90122712703	25
16638	9393.950061413898	26370.6035209134	50
16639	8629.192346557695	9814.213124320244	25
16639	8043.301178045918	80128.43520427877	50
16640	6906.077981201664	81566.40035744394	25
16640	8607.159993090096	8821.211846504626	50
16641	8949.672334754405	9517.927450444158	25
16641	8924.656108299383	9378.312172442675	50
16642	6737.275290908317	305769.2915758441	25
16642	6803.45126221849	807872.482895215	50
16643	7201.0204145925	278465.6554516283	25
16643	7214.112956517121	544223.7623504888	50
16644	7323.322139907305	57974.50701972565	25
16644	7146.526984984737	166712.24811803468	50
16645	7322.339861757962	157216.78542946227	25
16645	7522.476744615881	96041.09936786997	50
16646	7237.02230432571	1350490.1764720539	25
16646	7346.251779699215	100454.7002935741	50
16647	7489.4729429857625	88499.57528133565	25
16647	7719.720449286924	109001.16061166949	50
16648	7334.412051968359	204031.31028701042	25
16648	7108.9022899508145	1564476.4106054027	50
16649	7549.793531350378	53141.07047638358	25
16649	7132.30013511221	26192.522917632697	50
16650	8485.493726673081	8829.186371116479	25
16650	8596.665323765375	9477.804175151223	50
16651	8476.918357044211	10529.059840353868	25
16651	7410.092899351274	90558.18500896363	50
16652	7086.822605358824	325209.7986980185	25
16652	6883.795246011931	380200.5154108075	50
16653	7239.818970507525	119552.38672984843	25
16653	7051.025712816216	155749.42113999	50
16654	7070.304263407915	770362.4384074686	25
16654	7200.414545037589	248820.5123011947	50
16655	7444.196593421633	45374.31089125744	25
16655	7158.408686278676	124234.61377698592	50
16656	7416.488045772981	2153461.608302266	25
16656	7130.089900638646	262462.4942506753	50
16657	6839.7051157528185	498246.6446922551	25
16657	7266.927857562831	177042.49411716955	50
16658	6970.14676871289	1249979.0447426133	25
16658	6997.379818422093	237978.50927837717	50
16659	6795.434401777882	678957.4305714549	25
16659	6744.322316414002	27423.2633473134	50
16660	7052.274608740803	170201.6669141557	25
16660	8537.408606021096	11048.705879811598	50
16661	7474.324020432143	133970.32000946568	25
16661	7451.384414756667	342515.3317930353	50
16662	7115.838947674237	124028.36602449018	25
16662	6922.455351872945	7256.641189552428	50
16663	7766.682099839138	93379.27617622595	25
16663	7629.584789266794	230676.82209963887	50
16664	7023.901261188986	242573.68193355776	25
16664	7397.970329539495	327878.12665533833	50
16665	7341.9423173911455	123591.76948229248	25
16665	6945.294276403708	1545619.2632145318	50
16666	6682.741521584172	178032.7176456443	25
16666	7080.441580710193	650354.2562570946	50
16667	7519.00473107112	7237.8086639990415	25
16667	8891.16283953016	176685.1469688931	50
16668	6995.738641046936	120186.52752743923	25
16668	7122.6185225917125	268513.5011735309	50
16669	7618.1312351085335	235731.86001004174	25
16669	7044.28874979902	811364.0915954558	50
16670	6837.974393931264	419886.739803312	25
16670	6689.985693104103	52518.4518436297	50
16671	7448.157514272727	122942.63354868726	25
16671	7647.648192446646	81776.79608328053	50
16672	7285.813006353481	245155.43934640917	25
16672	7037.812566514809	304436.46960684663	50
16673	7316.540484288686	1388240.1455934097	25
16673	7440.7914941573845	128571.02790241272	50
16674	7438.952105945005	267998.59177052125	25
16674	7457.93840805052	247850.03745180153	50
16675	7261.91302393563	155404.09131354696	25
16675	7241.043142995588	803216.4210187483	50
16676	7941.555439788197	178851.20384478706	25
16676	8088.746015306131	9564.703287159973	50
16677	6929.945373752682	272492.5713301619	25
16677	6770.020886742501	7534.228623169992	50
16678	7196.521926744785	100727.91369999036	25
16678	7304.345085910418	138464.96698105714	50
16679	6744.475663749667	6723.679361287475	25
16679	6868.062211505257	6757.841577504531	50
16680	7159.864358875277	100155198.86045028	25
16680	6974.468017377387	409481.188584142	50
16681	7680.207792115632	106010.33668991918	25
16681	7959.458041811105	143243.76306056592	50
16682	7180.043295487124	501919.805494367	25
16682	6523.707118127308	3107806.6879513683	50
16683	7131.0248447986105	144781.5114231501	25
16683	7278.477584082819	730779.6649104696	50
16684	8475.979578969598	51373.619174917985	25
16684	8588.118498629743	11526.369404852841	50
16685	7351.10554678715	151376.8912980496	25
16685	7237.8086640169995	7086.234433829521	50
16686	6794.967938226471	4668016.469238766	25
16686	6911.529133106471	576628.9611452707	50
16687	7372.569285089217	150305.87489108747	25
16687	7156.354553375012	127612.74744691639	50
16688	7315.2925043959285	66458.95188762921	25
16688	7031.0161544988705	149186.44645283575	50
16689	6854.8440400791815	154937.9142120068	25
16689	7202.319025151278	252688.41220717778	50
16690	7031.098964277785	156759.64466862005	25
16690	7175.311115871038	405651.38143061206	50
16691	7210.727209784808	88766.90821735088	25
16691	7118.464612538985	63350.538152185654	50
16692	7291.0356966171985	497532.5600749389	25
16692	6990.000129227872	64975.680425239814	50
16693	7295.467151454202	49548.638175259875	25
16693	7272.9188838464715	136844.44553712505	50
16694	7067.711426756909	170408.7011303339	25
16694	6995.410491064478	1595261.286061865	50
16695	6960.868783869469	663317.9276752725	25
16695	6820.71159963453	156093.1080274191	50
16696	6890.011422258718	2146814.4645140157	25
16696	7387.699641039141	407557.3003028244	50
16697	7337.5479176864	93404.04466527006	25
16697	7254.885490176245	176418.08483313516	50
16698	7200.5876409704815	51642.44180726746	25
16698	7132.1300719366645	73498.89853484023	50
16699	7179.785027358245	217275.22006634224	25
16699	6870.2830464115395	111508.19170145599	50
16700	7166.97935830821	209279.90242103065	25
16700	8967.510200642508	11349.507969739429	50
16701	8266.800252745215	7774.860371208155	25
16701	7481.751942788228	194828.9563135012	50
16702	8596.665323742553	231210.7450962405	25
16702	8151.872346941984	165158.65522122735	50
16703	7918.869446090366	122921.11363785087	25
16703	8014.888918340392	253973.8691162591	50
16704	7267.368062025464	154547.45335074572	25
16704	7375.645044595852	992035.617675346	50
16705	7535.6411455602665	114189.52287027804	25
16705	7450.001139038831	96369.75758752425	50
16706	6835.772827587891	46359.21141044366	25
16706	6957.5375522231725	77970.32136811016	50
16707	7782.054549595836	131979.8537105507	25
16707	7902.3715951441445	89682.17223843034	50
16708	7175.39710385619	240051.59382660262	25
16708	9531.226908376862	10440.706456497956	50
16709	7441.527486370503	142429.24975648822	25
16709	7297.418576815885	247602.74451643106	50
16710	7388.335108035725	519879.6616434994	25
16710	8906.72061598452	25113.698703565435	50
16711	7856.31372258808	8708.134090489424	25
16711	7305.411786731475	200580.60974162465	50
16712	7134.766895896021	392385.28147127933	25
16712	6713.09749221405	490502.5780035986	50
16713	6939.066356762755	440681.76945973875	25
16713	7269.217461621156	104984.63366719396	50
16714	6977.4060347694995	658367.0094955553	25
16714	6908.882727357198	817088.2347636799	50
16715	7427.38338021769	903164.8413576812	25
16715	7411.7363859733105	122449.58288452626	50
16716	7080.022149766668	186274.15947852566	25
16716	6992.62236692567	420779.31174869835	50
16717	7455.629441131777	112923.49622396487	25
16717	7268.248619504274	53923.12171035998	50
16718	6746.316334510051	2687823.9539572056	25
16718	7477.850571888363	36087.322473256485	50
16719	7455.721774299514	1428160.3123159227	25
16719	7244.105255848098	2251038.363348152	50
16720	7404.3460288902415	303037.48937217216	25
16720	7194.793127401556	588803.3976012614	50
16721	7533.757891888995	436031.8242750891	25
16721	6989.181053290949	241013.976883334	50
16722	7042.211848161611	1203243.663316383	25
16722	7088.419527249052	124844.29245605544	50
16723	7239.381859187445	708493.0405183146	25
16723	7119.142495089778	201620.89438915675	50
16724	7078.931844913423	81838.69461871508	25
16724	7336.8309287759375	97822.03634886858	50
16725	7041.298370790555	128665.29319732181	25
16725	7368.863450548205	99728.6538984204	50
16726	8296.45844441649	36934.44016749633	25
16726	8125.774262407527	23396.347258450878	50
16727	9652.670469049586	10353.065241848677	25
16727	9130.844138972021	8985.676995278152	50
16728	6856.819813377197	121960.48903150953	25
16728	6905.116838790462	262659.78809627093	50
16729	7124.485005744692	162956.67212406127	25
16729	7709.192593855432	148932.92305072013	50
16730	6746.08619997034	6560942.010167391	25
16730	6650.022264289233	730014.1948184856	50
16731	7403.707999267673	70799.72311125362	25
16731	7674.259806421984	78310.31600283721	50
16732	7075.662796600273	548504.7548291663	25
16732	7030.51933343941	1059793.6270752538	50
16733	7061.362244320358	48053.85608927586	25
16733	7190.042900389976	196856.61696251808	50
16734	6818.442057425482	148365.6455966914	25
16734	7739.965701236928	9812.20288918837	50
16735	7156.867984042244	80147.1519577761	25
16735	7208.038078164509	141508.98040792104	50
16736	6955.670104311596	140461.19972535688	25
16736	6869.172462963851	46026.25170915695	50
16737	7244.017733557267	367610.41246488434	25
16737	7397.515313027405	214542.91176282105	50
16738	6966.563080799607	192524.4914153224	25
16738	6746.239621432718	250335.41095049755	50
16739	7538.279173433972	57389.554460045576	25
16739	7412.832420309087	444349.2577267925	50
16740	7255.41211720043	79700.33304585294	25
16740	7176.429108795357	2384072.08626536	50
16741	7800.496220018558	2029618.4573336777	25
16741	7688.1192308042955	144751.6268393407	50
16742	6988.280275004842	741667.4635329137	25
16742	7402.978947726846	1058505.5433026936	50
16743	7589.207541689244	72106.88514837988	25
16743	7331.636649787131	108798.7489751467	50
16744	7476.829409700188	623501.650074135	25
16744	7360.290052608988	119086.22266568536	50
16745	7143.711520771561	6910.726993960487	25
16745	7686.555273665179	129448.3114332026	50
16746	7022.165929125553	3053281.1227144194	25
16746	7309.236508618967	185582.8448581301	50
16747	7034.4128399458805	2076314.6373638639	25
16747	6920.605290782264	32814.55776415312	50
16748	6916.104617456459	42787.59922620113	25
16748	6870.679763824273	37465.09767351544	50
16749	7344.276026156011	73982.83721909333	25
16749	7174.9671831013875	140960.01111502238	50
16750	6631.096962066119	583680.819171347	25
16750	6839.469060553865	69417.63708894631	50
16751	7199.20308961788	270907.850565245	25
16751	7042.710201059767	3296546.119834859	50
16752	7346.700952376187	181918.02152806285	25
16752	7127.626137103855	135084.09373782194	50
16753	7084.974370814663	53411.80308186577	25
16753	7292.984920620469	571430.4131594986	50
16754	6936.804220530937	133207.38646082146	25
16754	7369.0441426621555	837990.7216741833	50
16755	6972.918320310838	388830.58382090507	25
16755	6793.491193903583	201157.21284148755	50
16756	7228.557150109517	100612.69453473185	25
16756	6948.614663794371	223381.93080920103	50
16757	6984.92472173324	225325.1780149876	25
16757	6730.165473921605	322938.09787191066	50
16758	7757.724402689195	7255.675457275357	25
16758	6657.126246511545	6599.725502160493	50
16759	9551.75629391661	9983.184359819825	25
16759	9336.61575821651	9278.268722814839	50
16760	7184.867467287621	812312.542888494	25
16760	8751.291845174585	54171.6672631322	50
16761	7374.468737303373	7614.28849177157	25
16761	7504.772567482064	51192.08781571273	50
16762	6845.8478419621915	120537.16016440578	25
16762	7503.6511108906625	129190.98043508534	50
16763	7264.991545967208	189450.0980089677	25
16763	7304.433966554996	240185.9523916276	50
16764	7147.12446927212	479161.2544335438	25
16764	7773.562744580622	89182.75787429133	50
16765	8568.676899538023	39056.23709904659	25
16765	8654.502216113726	101232.85625840435	50
16766	6720.021711819841	189655.416247607	25
16766	7045.369187172839	753699.1083830278	50
16767	7517.316721811528	108346.07397597376	25
16767	7757.127908136039	137192.31828723868	50
16768	6949.992271587286	129067.47433975314	25
16768	7287.494130998278	453905.2163563471	50
16769	6700.500368193796	582212.9412093278	25
16769	6630.651108807577	236526.51207950828	50
16770	7228.034135940238	30756.815319229314	25
16770	6803.840874972532	17540.151444293562	50
16771	7582.532556975485	88778.37647916113	25
16771	7398.516418053506	742457.6009923104	50
16772	7679.5247999551175	556997.8578593322	25
16772	7244.542896794769	150758.3820788553	50
16773	7259.276218202116	43387.13775290241	25
16773	7211.942266678974	5747882.967550233	50
16774	6905.1969245581295	400500.72896763147	25
16774	7131.194859105602	99247.23878380147	50
16775	7577.581071257726	96554.79638123597	25
16775	7608.627032417626	100800.06053538725	50
16776	7199.722238432334	501123.57568747667	25
16776	7493.478812300209	34276.518311380685	50
16777	7333.964274447008	523391.3520394748	25
16777	7585.868681888423	161827.59703575252	50
16778	6730.776526413251	551541.7871074484	25
16778	7266.487702600675	207480.02999737507	50
16779	7476.458142300021	150985.6627862881	25
16779	7567.316434011529	95107.0385249852	50
16780	6926.9636771371825	340013.1559704292	25
16780	7206.4775008486995	598405.7388592891	50
16781	7018.450033095815	110752.71875177069	25
16781	6978.712555909486	167155.63296413535	50
16782	6995.820683003185	236209.69811551354	25
16782	6856.97792074496	451282.6737925088	50
16783	6832.394400900999	1508729.788259386	25
16783	7058.525241383769	189875.50762957308	50
16784	7371.574696771244	166361.7435110713	25
16784	7202.578799415754	192471.5495405383	50
16785	7392.69533504129	188328.7703003075	25
16785	7541.9564356894525	647904.2051761874	50
16786	6752.381767039698	111892.39329884255	25
16786	7032.755540561012	453610.0596814422	50
16787	7144.393868634379	390361.8503216608	25
16787	7309.414493262505	224169.55366152147	50
16788	8777.40502581201	19677.907504392475	25
16788	8610.663564044095	49279.46944484758	50
16789	7341.3142466728095	109527.57831402536	25
16789	7276.712062798523	658991.5542014189	50
16790	7140.983337597821	76364.30480985488	25
16790	7195.138825672419	86498.2676338619	50
16791	7453.321803635766	186224.60859815357	25
16791	7298.03968823503	175974.7765627052	50
16792	7130.6848388063045	20028.18880637384	25
16792	7069.384022857499	2258347.51065798	50
16793	7315.559895380309	222175.54998943376	25
16793	7626.116465270762	250425.0986134386	50
16794	7275.653131713281	120495.80262647851	25
16794	7362.8150212108585	367805.3094718326	50
16795	7441.159473357078	326345.7009447102	25
16795	7283.071664606965	159761.45812475155	50
16796	7068.464004229237	156872.82017288703	25
16796	7443.183963888459	110545.77676558291	50
16797	6931.558090732486	41958.57836484611	25
16797	6830.353128229041	298986.12873402773	50
16798	7210.2933529308975	39349.3363930365	25
16798	7508.419456536662	66195.3521851674	50
16799	7653.654730339686	1083248.057618716	25
16799	7441.803518330347	70489.37384600943	50
16800	7306.389849981054	60857.30532003713	25
16800	7474.602319901926	2051812.5068684919	50
16801	8069.547327661947	34404.2973913916	25
16801	8239.008640529844	30926.860975178908	50
16802	7215.242194494946	53974.359548058776	25
16802	7468.762077449606	132465.1075228214	50
16803	7546.959097126068	697358.6454990341	25
16803	7349.846590565122	245155.43932063802	50
16804	7012.512169485549	845105.2679050342	25
16804	7536.206292553357	84674.79033124233	50
16805	7674.552129510972	257910.10722677057	25
16805	7419.32346213304	1895250.4687576545	50
16806	7016.964694351333	414371.211763132	25
16806	7232.394734932894	38230.3031166833	50
16807	7743.233948164301	244640.67273453373	25
16807	7840.463800521262	242573.68198457934	50
16808	7229.952198074944	77855.27874744836	25
16808	7770.868964585032	918612.1999415917	50
16809	7624.961010042781	169583.58161494342	25
16809	7465.15094216314	389923.118142267	50
16810	7771.666940037912	120744.37646427673	25
16810	7600.675869655773	109018.06243025331	50
16811	7518.91093431221	386448.3969110508	25
16811	7029.939791037562	153253.71658909583	50
16812	7448.80268637178	873717.83252395	25
16812	7160.892223148796	109213.71026987523	50
16813	7100.797238811466	86378.62311980229	25
16813	7917.320040436147	157265.5941662967	50
16814	7413.289190220374	199494.14653985147	25
16814	7464.133004052032	88039.01361231734	50
16815	7607.284786301317	82755.31772625215	25
16815	7930.767065325717	305844.7993845712	50
16816	6975.773520055147	935930.5147719083	25
16816	7348.318396616496	231363.74987894547	50
16817	7379.447806843664	83519.65661030117	25
16817	7511.227000955318	148774.90964370075	50
16818	7309.325499912561	82696.39282794547	25
16818	7239.119615929067	254609.77277336843	50
16819	7591.212171611371	509582.7262154363	25
16819	7233.442005331874	124203.87350114567	50
16820	7840.970884726687	52482.03868420276	25
16820	7644.067829509748	155111.8471990695	50
16821	7507.109937451257	71222.29103200951	25
16821	7491.987790621862	574727.6614367451	50
16822	7739.173786321455	112845.37158962972	25
16822	8152.417724941373	766127.8589425484	50
16823	7874.676577717499	120495.80262227273	25
16823	8295.782181377466	207591.48709748633	50
16824	7435.735210847903	58641.819354399144	25
16824	7373.0214531033225	67156.79068575574	50
16825	7815.38901160577	11035724.674170105	25
16825	7350.835736725122	167475.3215554556	50
16826	7885.527794658978	70766.11244676683	25
16826	7678.9394682421935	419126.00366454484	50
16827	7210.38012043653	60608.95941055386	25
16827	7757.823826823011	54614.30974468041	50
16828	7758.22154691116	22408892.947625622	25
16828	9288.154463931593	41001.19592776843	50
16829	8013.938031754857	146648.29238050283	25
16829	8114.405455031463	813263.2134231449	50
16830	7423.900964452548	53546.09207387482	25
16830	8492.907482077917	42876.89174534138	50
16831	7670.266802892211	491312.3675927852	25
16831	7465.706289975264	84022.09095210668	50
16832	7776.957391172149	141395.5831351702	25
16832	7519.004731114249	93752.19672438552	50
16833	7425.000346589002	1841716.7623211383	25
16833	8075.973137938499	73294.5342032329	50
16834	9310.365179233835	48826.70659748989	25
16834	9435.844843364344	14325.67155678146	50
16835	8143.155576914058	79960.37421028691	25
16835	8275.654394362446	135027.30130743142	50
16836	7431.327674209017	189142.95530526797	25
16836	7663.264062893724	549802.2306677783	50
16837	7204.311072238986	154309.29060914743	25
16837	7784.155191646663	255832.00690953134	50
16838	7508.41945656833	300281.15406293055	25
16838	7354.884821191303	804786.3994171667	50
16839	7603.83532092971	80960.26963666882	25
16839	8220.134760090568	140630.16431188898	50
16840	7415.57382516302	34363.93720457193	25
16840	7524.542600114457	468225.0897776907	50
16841	7432.153717173335	45939.08762428271	25
16841	7372.659714542235	274958.88744493714	50
16842	7585.4872721193615	194937.4880408611	25
16842	7191.51053086655	144349.14577093825	50
16843	7418.957488645946	126099.9276500136	25
16843	7777.856437017135	120869.05018192327	50
16844	7362.724816028522	148989.42530895228	25
16844	7383.072875144545	150144.92523894127	50
16845	7946.751922831065	87772.15957681311	25
16845	7683.331484454153	126668.70760274194	50
16846	9041.125305879417	82626.72265894267	25
16846	9288.293841601035	708018.7518139383	50
16847	7074.322457815852	6999.185937227791	25
16847	6890.80911879611	6763.77200358478	50
16848	7662.098097971715	225107.58951721	25
16848	7667.736660336495	141767.10949576503	50
16849	7799.59228543772	178168.60974167983	25
16849	7748.488340665292	144572.57901949235	50
16850	8000.226489721512	224097.72156838042	25
16850	7759.315473317241	195645.91084264865	50
16851	9225.557078936055	9619.355316657005	25
16851	9218.818855884214	10485.93370000184	50
16852	9189.90894411323	10008.323759954174	25
16852	9301.972017662158	11867.635858450032	50
16853	8281.71682005144	116364.17897298405	25
16853	8451.63962557485	105548.94806192994	50
16854	7549.2264859587585	160126.51973768714	25
16854	7810.754491374473	232286.05864759587	50
16855	7566.272414582024	189296.4017012842	25
16855	7470.244509118636	202252.79500411745	50
16856	7692.031720115801	76287.84817921254	25
16856	7842.593965705339	345630.6593572914	50
16857	7542.805508992033	39875.76976925846	25
16857	7982.362045757407	3412516.5780678415	50
16858	8032.041014831837	54180.27824914839	25
16858	7926.4179794222055	862735.6182978934	50
16859	7583.390156626173	61653.50271121014	25
16859	7842.08668549558	33339.717542709	50
16860	7842.898363193799	113782.77528533447	25
16860	9399.791326352102	10128.447768762931	50
16861	7735.908734223369	7773.762353198947	25
16861	7646.680218723079	7697.123508699222	50
16862	8130.9813626733085	234781.97381177032	25
16862	7561.814623979075	109823.17220251198	50
16863	8286.550260420949	154991.71880187618	25
16863	7848.78771974526	2373970.670861039	50
16864	7490.776741926852	147085.57083808928	25
16864	7517.129208769602	88481.15545472677	50
16865	8013.198599148567	162202.2069061035	25
16865	7822.754337010776	204090.82312501216	50
16866	8127.726193640241	2033811.9804092925	25
16866	7844.725211542489	1753589.3790218688	50
16867	8114.621725680026	200611.08565543656	25
16867	8075.115810376325	210112.2040290057	50
16868	7751.862585910121	497622.2757422798	25
16868	7671.435085955285	51977.45049837287	50
16869	8106.734826930977	457830.8935428257	25
16869	7753.252777643102	669792.9154988619	50
16870	7334.680742886644	119663.73956308713	25
16870	7124.315287932624	345114.7403209443	50
16871	7901.033964438679	909000.5966765421	25
16871	7830.132627960398	255832.00686910952	50
16872	8019.329179109547	102499.22676626634	25
16872	7961.544634317113	921046.9249189914	50
16873	7975.65591218716	88421.85039807341	25
16873	7885.835310904118	276338.8609657392	50
16874	7699.76980111997	143507.5608508543	25
16874	8009.292287204518	258386.86726529678	50
16875	8486.787316684395	8526.005077318114	25
16875	8658.530544498935	125671.0745251908	50
16876	9043.510380618662	10345.710853949191	25
16876	7970.528641126419	34571.99565552622	50
16877	8161.480983546009	46151.34021887749	25
16877	7869.976230165448	62373.70627720364	50
16878	7721.198459646677	184901.5149547289	25
16878	9085.17445953681	14490.513242509836	50
16879	8094.124050116374	454200.7577424092	25
16879	7867.525953982082	151050.72651280425	50
16880	7789.862270756517	490276.2583359791	25
16880	7888.501389743975	404672.85750473506	50
16881	8241.011803126376	104127.00009560965	25
16881	8366.327581033982	95975.6381202644	50
16882	8188.674258701018	301935.9137684697	25
16882	8001.911697009891	103819.63163861571	50
16883	7556.1309295673545	333980.3041906404	25
16883	8071.152883563998	446639.8259692821	50
16884	8289.137758754907	97158.88465171272	25
16884	8090.896426917145	116056.64653916232	50
16885	7652.491488575497	144841.3177992866	25
16885	7507.8581820265445	141219.51937914925	50
16886	7856.211930006113	743249.424816847	25
16886	9351.840225529486	24976.144469712486	50
16887	8679.338473105414	70330.13608035339	25
16887	8611.751423715716	1145735.7411497515	50
16888	7988.8686689712595	330360.22115439706	25
16888	7488.821201879274	106588.76762865827	50
16889	8081.2279862284795	156061.53758047963	25
16889	8067.728419566893	98790.71647565934	50
16890	7605.463871963516	123722.4238837419	25
16890	8059.926522024425	1060119.845433504	50
16891	7982.571782209701	135942.94395524627	25
16891	8251.933931133595	367415.72165561403	50
16892	8061.742141661189	184654.69710216235	25
16892	7999.594707975606	288350.0234218577	50
16893	8040.2176356769705	262956.2868563725	25
16893	7783.0547233887355	179386.18349785352	50
16894	8059.179136234545	130677.43782099572	25
16894	7946.7519227971825	1516769.8379408128	50
16895	8220.023976838238	171998.83010554212	25
16895	8466.251253205484	191680.91110814363	50
16896	8543.002027605302	8939.935342762696	25
16896	8523.988681331848	9071.824007393485	50
16897	9305.887049352446	9606.862399605585	25
16897	9571.041724654415	9992.617610233381	50
16898	6884.511967659414	164294.93444574362	25
16898	7318.948419964467	106154.35194408843	50
16899	7471.356692219021	162202.20690746087	25
16899	7708.79954829591	122556.42955812204	50
16900	7168.438265835783	36697.55353599663	25
16900	6994.508225711368	90556.47527767454	50
16901	7448.987040420008	121791.28820609242	25
16901	7318.859210922119	342515.3318332461	50
16902	7234.402250588758	271149.14022311865	25
16902	6862.515927962059	62843.91487379813	50
16903	7215.763491909475	204927.673387741	25
16903	7220.893308874268	1398018.0824054866	50
16904	7270.538996491083	189615.28242826616	25
16904	7811.963002108278	31269.6409173643	50
16905	7640.007417285195	204987.71180160518	25
16905	7488.448825803433	385803.7596533202	50
16906	7113.130466849055	70185.9925827279	25
16906	7541.579126915634	322938.0977282964	50
16907	7307.723964791512	126623.01560639749	25
16907	7458.215573465948	66900.76145291342	50
16908	6913.776039413142	347286.1330459355	25
16908	6663.869260270976	376794.4473546344	50
16909	7292.807678445841	134871.57616136948	25
16909	7613.616382910688	119471.05149688269	50
16910	6911.368691494055	2187324.3272198876	25
16910	7143.199839228475	2000460.9532406093	50
16911	7257.431511614957	168644.5498971453	25
16911	7366.3346258626625	107271.67574634719	50
16912	7022.826914284636	126943.55664182277	25
16912	7305.233983117921	62299.80073556609	50
16913	7037.812566502649	667219.7126604399	25
16913	6931.396787762862	1578663.2715942732	50
16914	6967.377255777533	135549.00317399154	25
16914	6864.258152985194	279468.1417059876	50
16915	7168.352432502821	22782.392091918206	25
16915	7829.728001708418	35485.55246998194	50
16916	6619.522717021851	567708.1986403976	25
16916	6827.214909047064	217369.81887031885	50
16917	7111.354064818056	404204.0348849452	25
16917	7325.73422444164	2203015.9818675257	50
16918	7233.616577793798	98059.0661505912	25
16918	7049.527578513335	297309.1443777693	50
16919	7045.4523104815435	113745.94257551436	25
16919	6896.717386906108	239802.25980573412	50
16920	6922.7771950395545	2251038.363982325	25
16920	7022.496407271347	76714.54115390575	50
16921	7707.620635740715	83919.40604481875	25
16921	7578.4376282002195	28724.561149623085	50
16922	6766.470830587146	215004.51560791105	25
16922	6866.08044469391	6666.044694088649	50
16923	9670.989146761412	10596.44076225662	25
16923	9354.523450533181	9681.529564915816	50
16924	7085.730358731921	52013.17391665096	25
16924	6758.303343534452	36381.09167272099	50
16925	7327.790127683018	416360.03493999277	25
16925	7460.341145163021	996301.4691593735	50
16926	7384.886650920148	118184.64609857283	25
16926	7104.932050279393	154241.37936043573	50
16927	7188.230712192143	118744.00738801861	25
16927	7328.863198453723	143360.88623475184	50
16928	7154.301513504737	4520669.836059504	25
16928	7088.671733761051	168336.230007846	50
16929	7594.364297889812	3889185.655315675	25
16929	7620.919484094541	347458.9820669866	50
16930	7571.495195739675	219020.254168305	25
16930	7047.946854236604	78067.92909972345	50
16931	7153.446402603799	115184.38425807726	25
16931	7108.479728503463	220907.13149840865	50
16932	6872.187676426632	191996.3834416131	25
16932	6990.49166009208	3222917.6883298345	50
16933	7041.6305189973	480150.81690100324	25
16933	6831.844716569624	2070134.416183049	50
16934	7127.541207910197	64225.205644065354	25
16934	7082.371556190764	72396.32921730331	50
16935	7057.858018215239	135969.28844489632	25
16935	7375.464051537128	591636.0861213164	50
16936	7166.721961213685	198082.4442668555	25
16936	6966.481673026216	743249.4248156153	50
16937	6964.284327659366	435487.46686346934	25
16937	7198.51099921425	509994.7226074391	50
16938	7584.438579380596	307882.0183139119	25
16938	7179.354618658318	1246386.7173677813	50
16939	7007.077295940274	84445.72198590754	25
16939	6815.939354253254	451282.67394431157	50
16940	7254.622203324789	147274.932033371	25
16940	8634.777739896623	41225.80986843387	50
16941	7087.158743998937	98128.9983122488	25
16941	7349.127366941038	178737.0691716681	50
16942	7140.983337625577	234152.96793578585	25
16942	8334.267348288	33452.39045026826	50
16943	7696.633640620668	139068.8564642523	25
16943	7982.257181385125	97802.36221308526	50
16944	7136.639287331286	278576.6868161487	25
16944	7157.809451209314	1042628.7408018445	50
16945	6847.897684265702	119477.09064135623	25
16945	7462.560334849252	103089.33837722172	50
16946	7044.039461703822	229014.7549159762	25
16946	6956.157175191659	278465.6555149337	50
16947	6892.724287761569	428532.6841366712	25
16947	7048.11321535437	216067.12559492048	50
16948	6959.4059284481145	38975.20872887536	25
16948	7111.438636744691	33103.563172396745	50
16949	7298.483399346454	129749.82753218607	25
16949	7252.691974823173	71452.57552336206	50
16950	7325.108727430098	89285.91193436422	25
16950	7115.669611614314	38491.53117515546	50
16951	7300.169958722758	214873.4494575089	25
16951	7612.752405347235	126722.72118294373	50
16952	6994.918319620719	124247.82835605627	25
16952	6811.797984712484	195536.58680040334	50
16953	7327.968952511264	115655.48040413197	25
16953	7091.699510066353	103758.37675294155	50
16954	7213.76556468939	218496.93554050245	25
16954	6934.4627321161115	192303.41971621115	50
16955	7449.632346155404	93416.43386939455	25
16955	7760.509175846861	107207.6403777108	50
16956	7211.855464276371	385161.2665190131	25
16956	6909.604288465013	132338.0794592043	50
16957	7211.7686638545065	396609.27386612893	25
16957	7232.4819967147505	7096290.029457522	50
16958	7595.79788857697	159470.60935153312	25
16958	7549.320988031327	153095.99869709063	50
16959	8305.485163632242	1896909.1355681245	25
16959	8487.728342008753	174963.60049090002	50
16960	8927.371697917717	55789.36701903221	25
16960	8673.208749583715	34933.977003649314	50
16961	7784.155191662496	171283.79149535624	25
16961	7703.8896292754835	129975.66318256006	50
16962	6800.335843754661	618582.6395313212	25
16962	6863.149369716901	116410.1083015719	50
16963	7240.78078795596	2029618.4567991744	25
16963	7146.783038376517	147958.63551542567	50
16964	8635.87132854158	25309.360180457985	25
16964	8551.226118538394	8951.232106121168	50
16965	7336.293272498332	158496.79245984834	25
16965	7071.22472598458	1981656.343689768	50
16966	7360.199904893582	181791.09178315673	25
16966	7068.46400424413	207911.6339259113	50
16967	7390.605462823861	119045.8592219322	25
16967	7157.895050471002	205288.43385542528	50
16968	7098.015082783878	524572.4934403909	25
16968	7448.526171315454	2667227.7826316026	50
16969	7410.275475484142	94927.53379229915	25
16969	7057.441063050949	109510.5173438756	50
16970	7764.988612672656	46706.594643714925	25
16970	7788.359651032859	490156.2843357388	50
16971	6896.078203561641	72749.88723940926	25
16971	7064.70260114374	41291.151037907584	50
16972	6725.585843105737	140630.1643055375	25
16972	7449.724541214714	282419.4716097205	50
16973	7830.334955693863	136206.85101329282	25
16973	7442.263613948638	106896.61644343105	50
16974	8575.508032592184	107980.88499082119	25
16974	7278.654179985749	264849.80310273817	50
16975	6959.6496981648315	93565.36262959233	25
16975	7250.850373280389	319185.40483550366	50
16976	6869.886371353364	328599.9400768724	25
16976	6629.462436935973	1217999.978286794	50
16977	7984.984492158106	250874.50467517378	25
16977	7649.294272024192	3147390.9719081908	50
16978	6850.816724833996	91630.84071781105	25
16978	7116.34700070756	292058.1741749593	50
16979	6941.815072465204	164216.86061158325	25
16979	7135.873198872514	723196.4959467386	50
16980	6840.885617707988	122151.40539392403	25
16980	6825.098117339464	120599.24999138033	50
16981	9164.837572770903	91785.22685044959	25
16981	7507.484042377815	115087.19632140787	50
16982	6878.782056124085	170616.24129189958	25
16982	7211.421481465676	153253.71656858994	50
16983	7302.301384511729	7161.063560467606	25
16983	7274.770907738176	104716.07010413423	50
16984	7072.312831740951	125761.11572796106	25
16984	7083.79868665622	100426.02766297145	50
16985	7962.066442149451	5350073.364395469	25
16985	8267.136161850978	139345.10356640237	50
16986	7358.938052719823	7559.255976698995	25
16986	7661.029587232259	7068.631263816875	50
16987	9342.389906574652	64534.28229451237	25
16987	9254.26382506111	33490.6701027043	50
16988	7403.79914008833	360746.3616277879	25
16988	7454.613916923562	125111.23812798625	50
16989	6904.716435832703	205469.29211700606	25
16989	6925.0308726840285	114823.9131679259	50
16990	7346.700952342959	70099.78754458005	25
16990	6937.61196961945	796787.4391785783	50
16991	7523.885167905555	430834.16223922226	25
16991	7058.775480227743	244640.67277028432	50
16992	7246.118810687118	123396.30679984266	25
16992	7193.929016727734	8914779.810503516	50
16993	7248.9220073956185	503005.82445969933	25
16993	7156.611260177918	1284560.3887228246	50
16994	6850.185386049133	972504.0535038151	25
16994	8346.334155725477	8906.334266864398	50
16995	8768.517629816317	9118.982319035791	25
16995	8724.952629230496	8959.950241569448	50
16996	7296.974985917732	1168852.2861488985	25
16996	7360.560507969936	104762.86115786854	50
16997	7236.323451103023	362056.16572406	25
16997	7180.990426326066	322337.6516696005	50
16998	7074.322457834983	513373.56462668104	25
16998	6893.123405191969	269987.1107135661	50
16999	7706.049275078023	84197.69651497295	25
16999	7469.503224884843	98198.04751303067	50
17000	7424.359003507997	544223.7620325066	25
17000	7389.787985697639	158460.95434157507	50
17001	7177.719502235895	224529.40771446947	25
17001	7311.550936312555	122599.22070255388	50
17002	7457.938408032347	71887.42265703126	25
17002	7053.6905197056685	42333.363374090135	50
17003	7036.2367050844705	23714.750654843316	25
17003	6733.374642690912	25807.31816273018	50
17004	7003.293964952656	60592.832679714425	25
17004	7253.481498474009	1536854.3989083455	50
17005	7448.065355334781	162805.21617025346	25
17005	7455.167807296474	155714.81885393476	50
17006	7328.147785515662	159980.2943665363	25
17006	7114.653752098267	286458.1832901871	50
17007	7247.3449615853715	138249.901431984	25
17007	7265.695548431165	308429.86001806636	50
17008	6932.284039965092	164951.64753881568	25
17008	8371.483264901943	8724.58097366436	50
17009	9301.133486485396	10004.473034735893	25
17009	9342.812669710323	9855.04972771254	50
17010	6796.911926783361	171116.41308604443	25
17010	6996.969457234492	344543.78937069816	50
17011	7338.892622925478	137649.91744396952	25
17011	7119.990016582879	558611.6164321972	50
17012	9167.692459235635	9538.69581085701	25
17012	8308.083751932832	9442.45423150054	50
17013	7119.905256034314	34527.70876764853	25
17013	7167.065161135897	17013.562378908202	50
17014	7611.120946053795	106991.1074437168	25
17014	8042.237637786575	196732.59637791084	50
17015	7475.066195156948	108362.77218025384	25
17015	7271.596545677732	129975.66317717316	50
17016	7212.984046550953	1263585.6204743248	25
17016	7334.591177226782	339517.1086021641	50
17017	7413.106475951007	199569.66335420904	25
17017	7285.193826198769	186373.3406367943	50
17018	7425.916729686153	33852.713286866776	25
17018	7171.185939779375	25724.652787793442	50
17019	7443.460110198824	108563.55499886571	25
17019	7167.494203935864	83897.1999210727	50
17020	6821.572825724912	162517.75273735795	25
17020	8886.928680423993	10183.067338991983	50
17021	7163.120201582579	91108.61981035676	25
17021	7263.144142075092	68755.4355820858	50
17022	7092.456828702847	138273.9231106759	25
17022	6942.8665845825835	278243.8586070139	50
17023	7590.066548028088	97074.05076851214	25
17023	7437.389290812036	100497.74013267033	50
17024	6958.431007593895	656446.3957174442	25
17024	8381.582721599838	9820.55820405111	50
17025	7660.446880228788	120661.40410627822	25
17025	7467.094995880992	179539.0649193757	50
17026	6859.745890980037	76355.8021167641	25
17026	6994.918319592182	115030.57245254921	50
17027	7247.082182515038	246191.51390128364	25
17027	7475.158976609971	110145.35232885681	50
17028	6942.057702982429	179677.27456147163	25
17028	6976.099966419854	149568.36021591205	50
17029	7237.459151212385	652798.88495412	25
17029	7421.245373612865	42655.688564479606	50
17030	7353.624661938808	183722.75042331242	25
17030	6855.9503433808295	60786.91642215424	50
17031	7416.4880458299485	89194.0460298518	25
17031	7276.62380757015	96093.53308560968	50
17032	7216.545569140782	245155.43930537827	25
17032	7062.948548810736	109508.89180129915	50
17033	7426.833323092593	503668.25150988426	25
17033	7460.156268095547	413137.8039582389	50
17034	7324.5726661699	85062.83844527903	25
17034	7774.161598983201	53415.98952229945	50
17035	7660.252662901556	92073.1569439023	25
17035	7566.462216273987	102399.10194337361	50
17036	7221.328350256604	136127.5709143446	25
17036	6852.237630609528	465724.11993929837	50
17037	7808.338516434615	221121.89287069315	25
17037	7771.467431850249	218812.58398512012	50
17038	6972.592149557067	122172.65540415548	25
17038	6964.202969133977	133893.63194311984	50
17039	8054.697541475758	143860.81233949141	25
17039	6851.527109618949	6882.282620162217	50
17040	7182.368484979912	128925.24001420973	25
17040	7099.869628879281	200121.70845125528	50
17041	7440.791494190154	109068.79949926083	25
17041	7526.797465516334	178000.93502674694	50
17042	6885.866151854557	298580.0470502952	25
17042	6930.590377243416	226990.49382586847	50
17043	8115.70324074468	86586.17869308362	25
17043	7749.5797084438145	7661.90380267734	50
17044	7184.350304080193	54444.2212748529	25
17044	7052.690998412864	35569.77082374167	50
17045	8157.984482549549	650963.696600664	25
17045	7609.586049788748	177134.58861130965	50
17046	7581.19887196846	97961.32745468627	25
17046	7164.8349063334745	535859.368804309	50
17047	7566.367314358716	145566.34491034359	25
17047	7423.44297789304	149600.27497001705	50
17048	7113.2996908893465	34524.170638196854	25
17048	7067.878653337771	187622.10371632795	50
17049	7653.17000620912	175665.78825629505	25
17049	7696.927554510419	207911.6338929545	50
17050	7252.779691806383	376181.5445729641	25
17050	7371.122693700432	82567.09808942577	50
17051	7717.947533137709	99222.47242832671	25
17051	7470.985930321611	3567005.589521496	50
17052	7154.985738719804	41726.03947785312	25
17052	7247.782965958093	256490.34786698653	50
17053	7546.298014188632	89911.04426465518	25
17053	7922.486929408029	134923.4444390019	50
17054	7414.477037035438	303568.2422643635	25
17054	7664.041556604183	407508.8236018691	50
17055	7765.58623536284	544648.8487258938	25
17055	7776.358134907223	152496.5054237437	50
17056	7315.470763043296	224673.6738173066	25
17056	8043.939428366155	238465.53030752944	50
17057	7093.803543216342	147927.41987715883	25
17057	7219.327562646347	316724.35971591814	50
17058	7099.616683353948	62385.09178554899	25
17058	7405.804766270712	42026.23317215298	50
17059	7414.020130970032	236042.83515107128	25
17059	7807.332271670613	227376.5248121639	50
17060	7082.95913366519	3409653.164541907	25
17060	7097.677989091111	526986.4528165761	50
17061	8276.888658541488	254900.1070558374	25
17061	8336.655344207598	8704497.783362664	50
17062	7259.539818743241	870298.4156997795	25
17062	7156.354553333591	196690.63656921682	50
17063	7086.31845272117	97020.53551808851	25
17063	7176.515121633091	1056578.702955157	50
17064	6954.939616318066	43323.39423836879	25
17064	7229.952198085815	129627.92989653442	50
17065	7914.326127910277	63291.894152326866	25
17065	7658.89339865846	154556.6263886775	50
17066	7657.146433511238	193375.5516095499	25
17066	9240.57954255172	11008.948088685469	50
17067	7939.478623715289	229691.7809715664	25
17067	7734.4254687431	130096.11823772863	50
17068	7454.983168634413	109306.20152462392	25
17068	7524.166911436238	89979.93527776083	50
17069	7907.211175358187	78826.26421397048	25
17069	7562.288624537917	82052.62481299968	50
17070	7580.056061083813	131067.89156304173	25
17070	9131.384003484265	27450.296996187215	50
17071	7877.437919350514	215335.4538101868	25
17071	7741.847104855622	120185.26765626384	50
17072	7513.755462004984	59786.72839179579	25
17072	7483.053241533009	25049.448438522864	50
17073	8083.482022212853	64914.01749743743	25
17073	7954.454386566471	1194970.8396953584	50
17074	7400.6104517618305	538845.5449769712	25
17074	7095.150731800198	124006.4626180802	50
17075	7897.1263904576535	89846.20485240188	25
17075	7429.125727549869	631436.6630238813	50
17076	7495.063628023728	191261.8951890331	25
17076	7787.458338809285	72974.54908336322	50
17077	7769.572580404709	103240.62969750528	25
17077	8033.951039881244	87728.46035051487	50
17078	7652.103814544209	663949.7584643165	25
17078	7625.5386968791245	637814.30603809	50
17079	7154.64361092142	101232.85624304584	25
17079	7785.8564863364845	203801.41525255775	50
17080	7509.6358192634	330479.01771130686	25
17080	7417.311023612411	59546.94804682639	50
17081	7164.663401615364	58221.73733713276	25
17081	7602.973409826899	120647.96958530699	50
17082	7637.688985686815	292945.0908838445	25
17082	7317.699677006437	873580.3297325742	50
17083	7378.270372020907	205288.43388552993	25
17083	7883.478258778838	271893.82508666517	50
17084	7408.267597741947	259667.26505302926	25
17084	7425.82508192535	115454.54219792191	50
17085	8024.621203314187	537511.593705522	25
17085	7993.702572476028	155846.6349037662	50
17086	7038.144410132414	99728.65390422824	25
17086	7474.045740296932	236849.84444690318	50
17087	8422.09404810756	106782.99070058747	25
17087	8016.579904193795	111987.87563935222	50
17088	7542.899861445691	200523.1317205916	25
17088	9247.762485062438	2029618.453514644	50
17089	7580.627426456666	956539.5572135814	25
17089	7570.165123681772	259472.77909332552	50
17090	7548.565033171159	361669.2499244268	25
17090	7178.0636798496425	678821.8248540201	50
17091	7500.848833607337	102578.26607794773	25
17091	7376.459615525099	159072.423142199	50
17092	7800.596669263368	155600.93615103854	25
17092	7730.6702356428195	102533.41596931424	50
17093	7626.02016489532	459345.68232423515	25
17093	7910.406269673134	396382.7151452708	50
17094	7282.629692060605	171638.04394159757	25
17094	7529.899959914502	157075.8419855531	50
17095	7632.284407107516	181446.58796167505	25
17095	8157.110795280611	164564.20077299443	50
17096	7371.032299252548	386303.5604179223	25
17096	7258.836923382364	129287.8266435389	50
17097	7451.384414790205	108013.1927437665	25
17097	7794.573983752944	267383.3065919213	50
17098	7696.241787973548	210160.06042533118	25
17098	7875.699086029894	238399.07115598692	50
17099	7649.003739455387	374354.724248099	25
17099	7548.848499747552	65485.73160311869	50
17100	7686.26209774971	129783.40035684148	25
17100	8120.465112735546	122706.33000224817	50
17101	7774.261416405778	865039.9254070504	25
17101	7299.726057128299	423589.3779263399	50
17102	7197.559576442001	1661533.4177468992	25
17102	7157.723853752727	836984.1314470201	50
17103	8403.120086696517	378961.8489795562	25
17103	8512.027346087203	286458.1831656341	50
17104	7466.539455834053	238974.8658889299	25
17104	7756.630894648215	129138.70977933782	50
17105	7961.544634344098	125334.57038012166	25
17105	7709.978797171385	121077.41549743763	50
17106	7857.331783387661	39854.63370098891	25
17106	7862.833570441897	42701.36243723192	50
17107	7383.5262414674435	23545.72664462589	25
17107	8137.281611483944	16106.11731847166	50
17108	7606.517986534445	1233122.5507422786	25
17108	7929.938324400997	264248.9049725256	50
17109	7345.712839893062	156270.31361107854	25
17109	7280.773951388601	3551817.165331465	50
17110	7571.875296264444	444647.0608969823	25
17110	7437.665037344677	3570033.619804287	50
17111	7282.629692089823	114022.77342990173	25
17111	7188.05816703765	187722.7302330796	50
17112	8321.552989440326	74667.82159217719	25
17112	8100.263174221316	60587.458995570654	50
17113	7892.811689860177	36310.62721845333	25
17113	7493.758440322732	123456.18375061273	50
17114	7445.209479264795	37569.27572568134	25
17114	9294.01172479443	28504.395350450992	50
17115	7772.065985115229	87597.62504025981	25
17115	7915.564731728595	151148.42771562265	50
17116	7984.774637111141	108079.60439989968	25
17116	8090.466259065941	245672.3817917472	50
17117	7637.592412838161	1386881.8022142162	25
17117	7736.007637433866	435215.79818059644	50
17118	8125.557435267228	861830.0158544581	25
17118	8034.800212541824	1040792.4396416944	50
17119	8646.82153903325	127728.84206931532	25
17119	8483.260214755934	90803.28611332313	50
17120	7713.22346646655	111703.11906660233	25
17120	7625.346125572681	1103890.311574025	50
17121	8849.118509815846	113049.03664150361	25
17121	8191.645056253974	211750.37435687784	50
17122	7663.652791462953	152795.66186867503	25
17122	7811.056586406172	155818.67203114345	50
17123	7830.334955698005	2529365.0364868683	25
17123	7873.041079811164	51303.94625554359	50
17124	7792.768869774207	439880.81815332966	25
17124	7772.664624349474	1486157.4534106606	50
17125	7863.343358941498	113653.96558176113	25
17125	7847.568554993228	130265.13252726941	50
17126	7831.953929170157	150613.88473236028	25
17126	7666.861204149032	805072.3862616526	50
17127	8109.218192332948	147089.5668699359	25
17127	8034.4817531494955	59912.59220586197	50
17128	7539.598832144505	176729.73619721804	25
17128	7817.50647735012	122187.37575203713	50
17129	8383.881238827596	326498.2975705067	25
17129	7838.030648067266	219870.65451511202	50
17130	8766.142181247358	177452.78905280994	25
17130	8402.773748604395	223980.03453249356	50
17131	7677.964100063507	55525.94721001059	25
17131	8333.926310610474	87858.8897502327	50
17132	8064.73424188504	106411.35270734901	25
17132	7867.117713063979	95287.2274641301	50
17133	7793.972192469073	70649.32860320942	25
17133	7308.079805167447	508091.13764030975	50
17134	8618.162947516512	302905.0906185781	25
17134	8409.821221381399	766971.0433310668	50
17135	7971.888337053066	157840.41310216195	25
17135	7880.712962700991	490621.1417660688	50
17136	7602.398903501621	76500.60400767588	25
17136	7885.7328029866585	321536.94030171307	50
17137	8826.020255169537	188126.32132849147	25
17137	9083.035900690455	2357874.9985876586	50
17138	7854.990611660391	302852.36867089523	25
17138	8241.791057143731	336895.81794024474	50
17139	8095.092806831415	100743.82745663133	25
17139	7870.997599207387	1512010.4799904474	50
17140	7909.787676141183	107206.25810198343	25
17140	7559.350712641457	124167.50850105686	50
17141	7920.522769833151	845932.876038725	25
17141	8213.71394739908	174717.61583035256	50
17142	8051.072995803344	212825.51012449258	25
17142	7983.620619096488	39450.30267476692	50
17143	8022.821182771837	75681.62341542795	25
17143	7784.055137058369	147967.9678492326	50
17144	7709.290861062351	365865.57688147365	25
17144	9486.64447379391	13542.517653864696	50
17145	8804.043099267095	275609.6491849192	25
17145	8509.662500304828	108765.08713499107	50
17146	7674.357245100004	3107806.6891427194	25
17146	8015.100255061641	68031.19719248092	50
17147	8444.293280021622	168766.44012284797	25
17147	8419.659972080912	325888.76737762825	50
17148	7692.03172005044	242149.6685863895	25
17148	7767.279965674532	76050.95207020766	50
17149	7948.104049132471	425550.87523055903	25
17149	8028.011526425851	110059.13182890089	50
17150	7929.109745183607	134098.32964985495	25
17150	7862.018037048103	498333.40701224335	50
17151	8597.508833460195	91132.17186165579	25
17151	8710.850604291063	81663.20547029497	50
17152	8263.666333865016	23055.693900828453	25
17152	8717.772557905384	35661.92396468349	50
17153	7309.503488563688	843878.4114126577	25
17153	7483.611069947997	175649.69521575622	50
17154	7052.108065578869	416360.0349102866	25
17154	7308.257737424078	141595.39251188526	50
17155	7276.359053953797	239774.07509063085	25
17155	7395.331957830674	6507106.429017629	50
17156	7198.251497121514	55180.016421767585	25
17156	7115.838947677323	79774.45897538302	50
17157	7875.290052954097	320063.18178291596	25
17157	7890.553365264206	64050.761646127045	50
17158	6989.181053316492	365480.0792442332	25
17158	6958.918436439319	83429.96899541037	50
17159	7313.688539800663	123744.17863331267	25
17159	7433.071742926071	337720.8156807331	50
17160	7145.588268311482	603586.6118136047	25
17160	7276.006076920352	1475005.2082474893	50
17161	7229.080234521143	231747.15145118654	25
17161	7253.74470851339	417612.7602138608	50
17162	6805.945496537229	1054978.5478479478	25
17162	7746.50476996066	65971.96317345322	50
17163	7362.183628109039	58491.102559448416	25
17163	6917.389971424197	72258.90699362238	50
17164	6597.884312986584	191575.98459567386	25
17164	8350.553867226337	8766.892192183837	50
17165	9221.705529143175	9133.409031120096	25
17165	8851.663714383925	8962.816399530873	50
17166	6934.139882921383	232054.7911111119	25
17166	7129.580026894458	719754.4120095591	50
17167	7443.828334894777	7431.419448314133	25
17167	7643.197402673482	153151.78686555795	50
17168	6589.427025187885	201839.8607245013	25
17168	6874.172704622514	943554.0504877861	50
17169	7842.593965721604	727288.6705810453	25
17169	7672.506303428379	151339.88072879947	50
17170	7030.022577368751	31993.310819789567	25
17170	7000.253595050936	188017.6265047674	50
17171	6841.909024184093	791044.1024295853	25
17171	7082.7073036926	191240.24081968318	50
17172	7121.431232602698	154005.35199684836	25
17172	7187.885629541333	192101.77243987954	50
17173	7352.544844749212	505501.73913456546	25
17173	7579.9608413798815	157086.8178568918	50
17174	6608.207186763596	4402172.605461835	25
17174	7533.569614775043	62197.756084960085	50
17175	7441.803518333231	163718.21328607813	25
17175	7721.98694761741	176240.49294416278	50
17176	7549.793531341323	279797.23502904386	25
17176	8808.960060165458	26167.861528985602	50
17177	7566.272414585375	195591.23350775376	25
17177	7812.063727049537	112633.9437937241	50
17178	7024.231890677329	59088.39374674538	25
17178	8630.284606905634	13327.768723063864	50
17179	7449.171402860427	89375.04848122978	25
17179	7307.368156601062	331773.0130114721	50
17180	7017.459742542958	90401.63788447028	25
17180	7094.64548051757	91012.11448624507	50
17181	7496.6490675948435	65492.00073286955	25
17181	7704.871146564961	1098223.2435640295	50
17182	7147.636672379312	977964.8131616829	25
17182	7249.79841932615	246107.2858835385	50
17183	7386.882761294674	217072.93121361948	25
17183	7529.711862195877	2804742.5215161094	50
17184	8249.479665820152	88652.38730771071	25
17184	7487.331904129777	71691.84350636852	50
17185	7548.942992982873	170657.8101888349	25
17185	7742.144246566895	144275.15206466	50
17186	6880.2137069442	32964.08929919973	25
17186	7031.844334143722	80494.98498279517	50
17187	7271.243997523329	578334.4213295724	25
17187	7500.662084361641	233371.44550882405	50
17188	7025.802774658344	709936.4060317839	25
17188	7176.945214510626	411838.19993217295	50
17189	7293.959895659112	90259.17739618734	25
17189	7354.3447037824235	7495.063627983892	50
17190	6881.088875977847	110812.51376104025	25
17190	7050.859224303852	978076.0833276295	50
17191	7428.483721711338	77285.08483502839	25
17191	7947.7919818386	168360.82510905951	50
17192	7124.145577689572	118924.93365104315	25
17192	7339.96871680276	321093.38717911975	50
17193	7469.132634055128	152363.9240511903	25
17193	7782.254565169929	8366.55659609029	50
17194	7168.867461085854	309427.0107569224	25
17194	7124.145577722543	58137.44502606044	50
17195	7079.518893487576	142371.42592407094	25
17195	7230.824356844899	133081.0784140413	50
17196	7392.87711498237	578063.2195931539	25
17196	7158.408686272782	3846205.0432324214	50
17197	6943.271090834356	190713.0349750018	25
17197	6923.340487201856	131732.12298229942	50
17198	7001.896734668054	1493991.6053995125	25
17198	8564.248120609736	11511.48291916051	50
17199	8391.359587922301	10129.761328881481	25
17199	7918.66282599031	87947.39550055604	50
17200	6832.708542906036	241680.52798178906	25
17200	7189.956586456451	473443.10797082237	50
17201	7414.202887145258	95145.5927076798	25
17201	7210.293352937115	116306.39194727894	50
17202	6852.869319170095	230145.36539846606	25
17202	7601.441572684715	44511.502080950406	50
17203	8114.729865092597	217884.36079987756	25
17203	7415.573825173871	98409.72158113707	50
17204	8476.33159794234	10190.868280981827	25
17204	8700.487018579115	10840.823566118259	50
17205	7281.215714745894	344713.9144386088	25
17205	7153.6174096108625	164178.5760026787	50
17206	7062.948548828771	72228.43899407919	25
17206	8310.005426991318	9041.787707790203	50
17207	7603.452226819235	208221.02642757288	25
17207	7341.852586874422	106621.0888022351	50
17208	6849.317470792731	171914.39718068932	25
17208	8684.248115034077	26159.651166810527	50
17209	7422.8934634052475	84298.34419189223	25
17209	7305.856330821603	541266.6522377204	50
17210	7057.441063045308	236050.20314011618	25
17210	6830.588602131408	204508.3897964036	50
17211	7550.455184533894	176908.3191280585	25
17211	7547.24245138281	152264.6397865305	50
17212	7620.534784957086	139428.19269459957	25
17212	7337.906460970931	61820.81748311731	50
17213	7917.836446071005	241764.10680760568	25
17213	7398.061339070742	679483.5771661864	50
17214	7693.30407837532	199664.90801756605	25
17214	7646.873795165322	616857.1128245972	50
17215	7973.562404271423	223168.08661180505	25
17215	7959.875278576388	504033.8853054184	50
17216	7157.552664666025	885938.4092837708	25
17216	6743.172416358441	185795.53227931762	50
17217	7699.867844564467	99264.45677375478	25
17217	7472.932812365262	75335.96961354968	50
17218	6863.862120934034	115143.77208088727	25
17218	6985.3337758129655	109526.30486801457	50
17219	7833.877271807862	295292.8271368498	25
17219	7656.855344870304	105422.3781130341	50
17220	7198.857028976282	107997.81784087038	25
17220	7304.967292900179	471071.0223125587	50
17221	7061.863111248196	1381379.9552739284	25
17221	7149.344507885251	133078.23804280392	50
17222	7572.825703028117	544648.8490229491	25
17222	7600.962991484784	116557.21978293758	50
17223	7618.131235086573	106475.79848816409	25
17223	7356.865882574272	91773.26907445054	50
17224	7095.740275977032	68562.64506429512	25
17224	7080.609365973326	271043.0889568089	50
17225	7383.0728751241495	172494.52647864717	25
17225	7282.541303558249	122406.89657820837	50
17226	6793.568902463022	171552.86173943742	25
17226	6535.914795677216	7449.447962520549	50
17227	9463.489871763082	9582.707468752591	25
17227	9551.02166330773	9405.211306623583	50
17228	6907.119498098928	225470.47148847286	25
17228	7252.1657143379425	184361.0712390849	50
17229	7849.600692677688	104327.77275844154	25
17229	7799.692712936725	87971.38122767763	50
17230	7189.611350116665	603458.9102105893	25
17230	7206.390820479193	46026.2517097524	50
17231	7378.632622457291	847160.2527510113	25
17231	7191.07881715125	162654.04244474496	50
17232	7151.39490976883	328755.71469089057	25
17232	7565.323538722583	46725.86608637058	50
17233	7509.916570440648	92085.19348333041	25
17233	7603.26069331468	163184.38698225195	50
17234	7286.166867504178	291478.2440397947	25
17234	7489.193612444496	2004502.6719357795	50
17235	7521.068811879999	118184.6461001503	25
17235	7575.868498160289	101732.80442586055	50
17236	9248.868487763735	50221.48020984801	25
17236	8629.31369607187	108748.13281785541	50
17237	7689.097005206564	176685.14701788707	25
17237	7583.104269967257	7494.504210038982	50
17238	7154.215993898126	33240.918403861586	25
17238	7368.140764556268	126979.33712844035	50
17239	7595.3199689915145	163093.043519872	25
17239	6753.99579189577	27585.114110440034	50
17240	7102.40000343199	7117.8715634754335	25
17240	7150.1987094896585	7169.2108516998	50
17241	9115.214190916642	45202.125785397475	25
17241	9348.029719044887	58925.225676201204	50
17242	6790.850078259847	98720.3675632215	25
17242	8472.460897653667	8779.535507249871	50
17243	9223.768482295874	9572.221844595231	25
17243	9529.17855369894	10033.905889407071	50
17244	6777.286058252182	1479831.6953779333	25
17244	6884.273045120691	316164.97107242746	50
17245	7916.5971781609005	786002.6859441551	25
17245	7164.063194996951	154786.35507901834	50
17246	7115.500282995541	959179.6420222339	25
17246	6753.380841282312	191471.1732356732	50
17247	7300.969107934983	469485.6869197149	25
17247	7479.150608193188	271012.9237592315	50
17248	7400.337254417965	178759.8882890902	25
17248	6863.386938224018	292576.9941645482	50
17249	7573.015811078268	386517.5119795758	25
17249	7552.819113312505	915026.4198405079	50
17250	7150.198709458536	201679.00534442166	25
17250	7361.371984860973	276920.47692331934	50
17251	7286.343809990539	139428.19269146488	25
17251	7229.603389231947	108748.26407118932	50
17252	7342.121784551214	115068.35016199383	25
17252	7130.514847092542	138711.3750700587	50
17253	7217.240880975917	190377.55850193923	25
17253	7469.966511481958	215534.50749299343	50
17254	7125.248828444843	344943.1088636012	25
17254	8641.82987758808	114842.6789375065	50
17255	7188.9209696575945	7596.753895816875	25
17255	7521.350359214755	749248.3882386928	50
17256	7540.82461472867	2051812.5058235165	25
17256	7561.245896362686	301850.04242810863	50
17257	7148.319715784987	95884.14302248877	25
17257	7282.541303548736	171914.39718727363	50
17258	8445.458566877482	60490.89387624628	25
17258	8506.47191357423	30817.53678291039	50
17259	7057.107531783911	7158.323075543698	25
17259	7418.134171189602	418256.9079707038	50
17260	6620.041275703628	287519.2714171538	25
17260	7267.632208468738	39112.70249032004	50
17261	7204.13781018142	187521.5853154849	25
17261	7015.8098333497865	483479.11784314277	50
17262	7449.263587281114	29866.74607221613	25
17262	7181.593266629594	40644.35350309357	50
17263	6921.3291188059075	20055.025687248402	25
17263	6844.114245824589	31767.971373534052	50
17264	6762.461862103961	586821.024558891	25
17264	6905.757572910035	189706.81557405845	50
17265	7414.659814160683	96211.71973907703	25
17265	7244.542896769059	82397.65038012671	50
17266	6934.059174967893	198757.5523320579	25
17266	7378.451493095147	80864.88027183898	50
17267	7091.531237362046	131239.45291032217	25
17267	7356.595679418132	110892.49187433516	50
17268	6775.816405051141	900753.8424396529	25
17268	7306.03416244601	351231.169582922	50
17269	6903.675589137163	7567.31643401026	25
17269	7198.770518600908	93144.63295038219	50
17270	6969.331994571335	142864.43614011552	25
17270	7805.923935598503	105946.45592434931	50
17271	7077.506531042721	130092.35845495909	25
17271	7123.636491893852	128500.41993075518	50
17272	7125.333707031227	482995.2915335445	25
17272	7319.483716729286	379993.50814163964	50
17273	7670.948261045221	129424.44298527658	25
17273	7433.898146543077	129567.78636059308	50
17274	6977.406034786546	188581.4548250511	25
17274	6902.795099408398	137758.03361909802	50
17275	7113.299690877691	333197.96105549665	25
17275	7057.024153508359	150628.8154964546	50
17276	6951.694720397066	306574.61158123787	25
17276	7305.500691498029	124844.29245621417	50
17277	7373.564122830776	185745.63858530973	25
17277	7569.025408204716	358677.24575869204	50
17278	7233.965746154216	90349.15555647462	25
17278	7174.53731007236	133791.51825439124	50
17279	7599.431908715101	112724.26848606685	25
17279	7505.146455601421	147085.570845607	50
17280	7200.847299362354	2985301.006537905	25
17280	6964.040257364821	231467.06793766766	50
17281	7507.671107862241	6840.4133717692375	25
17281	7075.997954823822	7359.208415724007	50
17282	7076.333142471877	155818.67201852394	25
17282	8371.7125446389	9360.17709649261	50
17283	7104.3410896553	7823808.390717339	25
17283	7024.314552593234	885938.4088869948	50
17284	6810.080291162128	374488.4078840027	25
17284	6901.194741010864	223954.19574045192	50
17285	8050.966437718709	522230.39755207615	25
17285	7626.405380097132	536684.2086904262	50
17286	8954.483273630356	45982.62885901628	25
17286	8368.274584130158	54505.15788830882	50
17287	7719.523421092388	117887.16081863675	25
17287	7646.002772841643	497267.4714474444	50
17288	6908.321609535793	242099.00226446195	25
17288	6651.666152354071	152562.88297867114	50
17289	6948.209581240569	737322.0848350672	25
17289	7391.6956938982285	81008.04821134942	50
17290	6874.490407512644	193482.46499653195	25
17290	6728.10392777692	340510.6574418378	50
17291	7764.490659277906	980718.267894363	25
17291	7325.198078063325	206908.83032121274	50
17292	6720.021711780114	480812.8017933961	25
17292	6817.894446028304	217342.73369655883	50
17293	7288.556265160505	144038.0935856186	25
17293	7349.57686640372	251054.72008696606	50
17294	7338.713302436133	171510.30221027278	25
17294	7276.094318228256	4458599.027225692	50
17295	7436.286494818314	106026.31898561746	25
17295	7735.710934850804	7709.290861097181	50
17296	7283.69050977492	702293.1639619432	25
17296	6828.9405996407295	49926.73283426549	50
17297	7624.190887753276	7238.595182226536	25
17297	7603.452226818226	7613.040377617056	50
17298	9143.140955432842	9319.333645891074	25
17298	7143.11456560861	139931.40889536357	50
17299	7505.0529803171585	13078.174009183644	25
17299	8081.549919376368	20750.104613920153	50
17300	8629.313696035717	47666.40213444176	25
17300	8699.131597872429	33856.117277118436	50
17301	7594.746539481022	174007.23731719275	25
17301	7390.877992585817	237654.93488332006	50
17302	8553.732053116946	10748.372014410565	25
17302	8783.297552959979	9242.788557853579	50
17303	7560.203435855768	207404.86284765933	25
17303	7183.143858577348	132104.0702798136	50
17304	7164.4061587754395	1123011.2718534567	25
17304	7111.438636731243	56221.58390691298	50
17305	7382.347596693908	167196.15406218986	25
17305	7284.044179466618	397518.10097221594	50
17306	7479.336361943416	394604.06337255676	25
17306	8771.519926545172	19940.24151626064	50
17307	8087.348820907511	7845.029763500066	25
17307	8455.025307135573	8385.720903646807	50
17308	6989.590569052797	147398.76957903695	25
17308	7160.977890845273	88156.40499905798	50
17309	9291.919046278386	9821.642286200848	25
17309	9265.072325235058	9800.00357699581	50
17310	7718.2429663764615	223025.7516826372	25
17310	7667.639378196291	254422.77024453832	50
17311	6898.875440200853	215534.50750099088	25
17311	7436.654059702094	27760.369221822268	50
17312	7191.596879387978	420650.238908661	25
17312	7482.030757080897	217369.81882598312	50
17313	7359.92947412204	97117.73437910048	25
17313	7463.207829868634	188068.74463161113	50
17314	7011.935373441332	254703.3768729476	25
17314	7791.866605319234	1058505.5445589854	50
17315	7422.252458719184	748441.3201799182	25
17315	7354.704773902632	122144.08664558161	50
17316	7052.774281843888	204927.67337512027	25
17316	7193.23786679363	225252.601690484	50
17317	7720.213060783708	135935.51911818102	25
17317	7781.6545472636535	5234651.229764293	50
17318	7048.695536484312	295673.0866688641	25
17318	6814.141584783336	82606.83829144332	50
17319	7304.522849251456	69375.43974555466	25
17319	7618.323467137189	157605.69196696568	50
17320	8558.389590606883	11641.445287934539	25
17320	8727.059239397377	9400.076441464656	50
17321	9377.318696742455	10244.787006881636	25
17321	7718.636910285251	199323.6777646814	50
17322	8394.00876937059	24805.798331713515	25
17322	8826.526690288574	14003.235211527512	50
17323	7714.6007621684585	313449.4327672591	25
17323	7637.206144144458	144409.5239214253	50
17324	7539.127476100527	229244.91826882827	25
17324	7349.576866384172	410936.0503502987	50
17325	8024.515298861927	68776.15551105265	25
17325	7983.201053431087	64400.59416532192	50
17326	8773.772917655471	8875.656115045338	25
17326	7553.95428868355	25111.80438737539	50
17327	7734.919831670191	47275.20841069989	25
17327	7767.4792733829345	31841.73122876438	50
17328	7329.847103163854	92254.03806124331	25
17328	7306.923441622141	151083.2795159582	50
17329	7371.936336419311	97766.43012288352	25
17329	7309.770486568982	70525.66406319829	50
17330	6996.723261889774	609923.4328523284	25
17330	7047.863676417327	82487.73150057178	50
17331	7840.970884760749	106058.29810009783	25
17331	8163.230286002916	93577.79493036108	50
17332	7070.806306381327	2738489.1418581638	25
17332	7042.544076176584	231699.4007408149	50
17333	7829.01999966105	462328.6437242219	25
17333	7498.328448760817	3235219.476008525	50
17334	7789.661890217705	160256.4753381034	25
17334	7683.331484474067	166440.79180939484	50
17335	7552.440792127976	123526.54616708696	25
17335	7425.550151225277	118244.32426950701	50
17336	7588.730394118782	8596972.516025297	25
17336	7450.462177827017	188478.68993911595	50
17337	7782.354576526312	293437.3323909133	25
17337	7691.738154639121	1370506.241721617	50
17338	7367.869791283962	64607.43527088576	25
17338	7587.776266660186	170118.994491022	50
17339	7281.65752790984	171297.82002272873	25
17339	7783.05472341076	7797.082381268499	50
17340	7361.01130793147	971242.5305808092	25
17340	8540.38297430212	21294.21713664794	50
17341	7777.856437038403	280023.3248109011	25
17341	8395.04583248423	636062.2187226099	50
17342	8634.777739904213	11820.319480677967	25
17342	8815.145104484101	11268.731986414183	50
17343	8313.511802778447	96554.79639222064	25
17343	7977.226717351841	116925.77604471399	50
17344	7171.7013461388415	121928.09833878693	25
17344	7553.859678566899	94684.49857466438	50
17345	7703.398958035952	141910.52670439763	25
17345	7785.856486375089	1027220.9350872934	50
17346	7172.474584587848	7607.380646399018	25
17346	8544.907740684652	9098.964172235936	50
17347	10245.961512233964	11444.220195934748	25
17347	10524.114102475822	12686.16093922775	50
17348	7185.03987033361	346667.1314436537	25
17348	6935.189244344776	629758.9822225629	50
17349	7846.451297794065	222529.00973202646	25
17349	7683.526793942585	198138.5275623323	50
17350	7229.777789713011	486853.9376925231	25
17350	7603.643769407461	1053383.2352456264	50
17351	7320.108321613687	165262.92552585338	25
17351	7597.136361428097	393269.7889961503	50
17352	7757.823826768883	874679.8060382424	25
17352	7890.3481228428445	190844.71254250125	50
17353	8031.616680114188	77826.85576452823	25
17353	7755.239572899127	81597.09089299204	50
17354	7742.936728466355	148208.83753819735	25
17354	7652.103814567936	50538.44373079985	50
17355	8304.129982828814	1577170.2138075833	25
17355	8114.08106926391	105122.99407418242	50
17356	9518.365335320312	34028.898806967445	25
17356	8978.218929148608	30368.470447767297	50
17357	8117.97530049962	165653.68460238547	25
17357	7963.005857299766	655880.6151677464	50
17358	7875.801350480895	677632.9025630994	25
17358	7644.358012837434	842854.9150911382	50
17359	7828.514357081389	9210.992181317535	25
17359	7535.641145567427	249206.06316308494	50
17360	7630.259526922533	3346885.5841797064	25
17360	7588.730394127891	148491.33207312095	50
17361	7863.751234246925	81750.97476542812	25
17361	7745.11683396282	375774.04771933483	50
17362	7249.6231211506665	84957.6125726547	25
17362	7253.920191732544	77802.29576301234	50
17363	7852.040555063693	34941.220282611845	25
17363	8145.224230026897	42830.8466759256	50
17364	7480.265259786348	213679.56403062784	25
17364	7068.46400422204	1198363.2983771963	50
17365	8421.630312826064	108899.86025469766	25
17365	8220.799518534786	216803.79956363654	50
17366	7551.400590719587	79295.07328496037	25
17366	9398.793551972194	33977.39670990956	50
17367	7762.99715654228	38550.79310615421	25
17367	7894.660308097522	51377.49538055339	50
17368	8012.45929406349	153321.7448707051	25
17368	7700.652275640994	165554.25464550563	50
17369	7584.533903901513	176546.65300742668	25
17369	7370.12846810493	158784.08425857467	50
17370	7357.6766025287925	369765.68773214065	25
17370	7392.059170706733	98692.04646525877	50
17371	8195.388931823687	87958.37113291267	25
17371	7734.326603259464	99545.26811469224	50
17372	7310.1265120826665	219506.3504820262	25
17372	7482.402539567134	37735.045582828745	50
17373	7698.201423107013	125716.07893621399	25
17373	8017.637109043933	118264.23046638844	50
17374	8027.163694618246	80769.71385193104	25
17374	8029.389610157412	166151.20783099468	50
17375	8160.93447035912	168847.79856943304	25
17375	7690.857583618705	317904.3801430775	50
17376	7722.7755857563825	78059.19980984657	25
17376	7564.469739916223	114041.27697613597	50
17377	7991.915493206001	7383.254215475546	25
17377	8952.142208988487	8564.008849554792	50
17378	7273.624313521765	101718.0968332734	25
17378	9455.555107582348	22817.68087230738	50
17379	8596.42434958676	100054.775727612	25
17379	8068.370299620041	610457.5181662	50
17380	7997.8051661207355	124369.04119094276	25
17380	7900.622470818458	1265882.2485238921	50
17381	7523.603443956927	134978.4118502789	25
17381	7596.658285007361	35309.04121745694	50
17382	7756.531499080216	125289.83987431652	25
17382	7351.285430403189	1162366.076410356	50
17383	7505.987830782603	123115.0657349346	25
17383	7882.556292107292	112345.87983786433	50
17384	7736.403273977994	40071.73839594133	25
17384	8467.890706661867	37569.27572102402	50
17385	8072.866135187807	152795.66187050426	25
17385	7602.111680617921	219181.63709740914	50
17386	7797.082381223574	298986.12875658367	25
17386	8367.014661633906	938457.9764432457	50
17387	7487.611105489272	167195.52705733938	25
17387	7414.933995450455	187773.08411518956	50
17388	7908.8599552710075	40126.37951902629	25
17388	7733.6346107077825	27537.383660035317	50
17389	8242.90451653688	72564.99572454968	25
17389	8070.617631905385	340205.67492745334	50
17390	7711.3550126097925	163450.8627745289	25
17390	7802.304675811194	640165.4796127534	50
17391	7698.985537694816	732657.1224954359	25
17391	7344.99436772886	365287.63451382756	50
17392	9465.222764063776	30401.49743463318	25
17392	9464.067435911224	10713.56295963534	50
17393	8352.608145917533	7750.5721097370915	25
17393	8004.7569894117405	8118.0835235114955	50
17394	8214.599018436806	193324.4148948071	25
17394	8068.584280818173	320945.80835925735	50
17395	8061.635319327706	214740.49843573853	25
17395	7910.818715544083	258601.17776223674	50
17396	7590.35292376983	141338.59866790537	25
17396	7898.05154229503	632586.7389480353	50
17397	7559.919174831563	120269.13234277877	25
17397	7744.522146151987	69298.20996802076	50
17398	7666.861204141476	129239.38547893388	25
17398	7711.748301225432	156234.29887484957	50
17399	8066.765778596982	368195.722854947	25
17399	7991.6002037874205	149377.15830115738	50
17400	7446.406856646286	3379382.4083176185	25
17400	7374.016404299467	65254.607037402035	50
17401	8125.991100292507	140816.24993301622	25
17401	8282.053865481841	508136.7572669321	50
17402	7970.737796888216	94515.32659935277	25
17402	8556.597666715694	40114.48851693754	50
17403	8401.5040712445	250604.66721895532	25
17403	8288.575130394454	187355.60252457458	50
17404	7728.10282419726	1093053.2921606593	25
17404	8268.928108739785	1248625.1909243101	50
17405	8075.008656446762	906690.8740873212	25
17405	7861.814178456978	329114.48617339187	50
17406	8038.517316922585	6054271.846101342	25
17406	7755.4383046088205	164255.55583148063	50
17407	7928.902625652756	403970.03142267856	25
17407	8186.58490621169	77979.18478379228	50
